nflId,height,weight,birthDate,collegeName,position,displayName
25511,4-Jun,225,8/3/1977,Michigan,QB,Tom Brady
29550,4-Jun,328,1/22/1982,Arkansas,T,Jason Peters
29851,2-Jun,225,12/2/1983,California,QB,Aaron Rodgers
30842,6-Jun,267,5/19/1984,UCLA,TE,Marcedes Lewis
33084,4-Jun,217,5/17/1985,Boston College,QB,Matt Ryan
33099,6-Jun,245,1/16/1985,Delaware,QB,Joe Flacco
33107,4-Jun,315,8/30/1985,Virginia Tech,T,Duane Brown
33130,10-May,175,12/1/1986,California,WR,DeSean Jackson
33131,8-Jun,300,9/1/1986,Miami,DE,Calais Campbell
33138,3-Jun,222,7/2/1985,Michigan,QB,Chad Henne
34452,3-Jun,220,2/7/1988,Georgia,QB,Matthew Stafford
34754,Jun-00,229,10/7/1986,Missouri,QB,Chase Daniel
34843,2-Jun,215,10/13/1985,Michigan State,QB,Brian Hoyer
35443,5-Jun,320,7/19/1988,Oklahoma,T,Trent Williams
35449,3-Jun,304,5/12/1987,California,DT,Tyson Alualu
35452,2-Jun,265,4/3/1988,Michigan,DE,Brandon Graham
35454,5-Jun,275,1/1/1989,South Florida,DE,Jason Pierre-Paul
35459,10-May,185,4/10/1988,Alabama,SS,Kareem Jackson
35466,10-May,195,8/13/1987,Rutgers,FS,Devin McCourty
35470,2-Jun,254,8/13/1988,Texas Christian,DE,Jerry Hughes
35472,5-Jun,325,6/6/1988,Indiana,G,Rodger Saffold
35493,6-Jun,285,2/28/1989,Florida,OLB,Carlos Dunlap
35522,3-Jun,335,6/8/1988,Kentucky,DT,Corey Peters
35562,4-Jun,330,3/25/1987,Louisiana State,DT,Al Woods
36785,8-Jun,330,10/27/1985,Texas State,T,Ty Nsekhe
37075,3-Jun,250,3/26/1989,Texas A&amp;M,OLB,Von Miller
37077,4-Jun,210,7/31/1988,Georgia,WR,A.J. Green
37078,1-Jun,203,7/11/1990,Louisiana State,CB,Patrick Peterson
37079,3-Jun,220,2/8/1989,Alabama,WR,Julio Jones
37084,5-Jun,288,3/22/1989,Wisconsin,DE,J.J. Watt
37087,4-Jun,257,5/18/1990,North Carolina,OLB,Robert Quinn
37097,4-Jun,287,7/10/1989,California,DE,Cameron Jordan
37101,9-May,215,12/21/1989,Alabama,RB,Mark Ingram
37104,5-Jun,295,5/6/1989,Ohio State,DT,Cameron Heyward
37110,2-Jun,220,10/29/1987,Texas Christian,QB,Andy Dalton
37118,6-Jun,265,11/9/1989,Notre Dame,TE,Kyle Rudolph
37130,2-Jun,315,7/12/1989,Florida State,C,Rodney Hudson
37139,10-May,192,8/22/1990,Kentucky,WR,Randall Cobb
37145,3-Jun,270,1/21/1989,Georgia,OLB,Justin Houston
37213,6-Jun,335,5/6/1988,Texas Christian,T,Marcus Cannon
37255,1-Jun,215,8/3/1989,Virginia Tech,QB,Tyrod Taylor
37266,3-Jun,295,11/5/1987,Cincinnati,C,Jason Kelce
37308,4-Jun,315,3/17/1990,Arizona State,DT,Lawrence Guy
37724,10-May,199,6/18/1989,Kansas,CB,Chris Harris
37778,1-Jun,235,8/24/1989,Auburn,MLB,Josh Bynes
37792,1-Jun,250,5/12/1989,Central Michigan,MLB,Nick Bellore
37841,3-Jun,260,9/6/1987,Troy,DE,Mario Addison
38538,4-Jun,207,7/27/1988,Texas A&amp;M,QB,Ryan Tannehill
38540,1-Jun,202,9/19/1990,South Carolina,CB,Stephon Gilmore
38542,4-Jun,310,12/13/1990,Mississippi State,DT,Fletcher Cox
38544,5-Jun,305,12/21/1990,Louisiana State,DE,Michael Brockers
38545,3-Jun,250,11/1/1987,West Virginia,OLB,Bruce Irvin
38548,2-Jun,247,4/26/1989,South Carolina,OLB,Melvin Ingram
38551,5-Jun,265,2/27/1990,Syracuse,DE,Chandler Jones
38553,6-Jun,305,12/1/1988,Iowa,T,Riley Reiff
38557,4-Jun,315,3/8/1990,Wisconsin,G,Kevin Zeitler
38559,2-Jun,214,2/2/1989,Notre Dame,SS,Harrison Smith
38577,Jun-00,242,6/27/1990,Utah State,MLB,Bobby Wagner
38588,1-Jun,233,1/23/1990,Nebraska,MLB,Lavonte David
38589,3-Jun,279,6/30/1988,Marshall,DE,Vinny Curry
38592,11-May,192,9/9/1989,Vanderbilt,CB,Casey Hayward
38605,11-May,215,11/29/1988,Wisconsin,QB,Russell Wilson
38607,2-Jun,248,1/11/1989,Arkansas State,MLB,Demario Davis
38618,6-Jun,243,1/20/1989,Arizona,QB,Nick Foles
38619,4-Jun,352,11/16/1989,"Regina, Can.",DT,Akiem Hicks
38629,3-Jun,308,7/2/1989,Georgia,C,Ben Jones
38632,3-Jun,202,8/19/1988,Michigan State,QB,Kirk Cousins
38683,8-Jun,321,1/16/1990,Purdue,T,Dennis Kelly
38696,2-Jun,198,3/12/1990,California,WR,Marvin Jones
38707,Jun-00,200,6/17/1990,Presbyterian,FS,Justin Bethel
38779,3-Jun,308,6/8/1989,Southern Methodist,T,Kelvin Beachum
38843,10-May,195,6/23/1990,Virginia,FS,Rodney McLeod
38852,11-May,195,3/17/1990,Stanford,SS,Michael Thomas
38868,1-Jun,212,8/7/1990,Wyoming,FS,Tashaun Gipson
38937,1-Jun,215,2/17/1988,Houston,QB,Case Keenum
38947,8-May,174,4/26/1989,Southern Methodist,WR,Cole Beasley
39212,11-May,220,1/26/1990,Mississippi,RB,Brandon Bolden
39646,3-Jun,225,4/13/1991,Baylor,WR,Josh Gordon
39684,3-Jun,305,2/26/1990,Pennsylvania,G,Greg Van Roten
39908,2-Jun,220,4/2/1990,"California, Pa.",FS,Erik Harris
39941,10-May,207,2/26/1990,Southern Methodist,FS,Chris Banjo
39950,6-Jun,317,5/8/1990,Oklahoma,T,Lane Johnson
39965,5-Jun,311,8/15/1990,Syracuse,G,Justin Pugh
39973,1-Jun,212,6/6/1992,Clemson,WR,DeAndre Hopkins
39975,2-Jun,238,3/17/1991,Tennessee,RB,Cordarrelle Patterson
39983,5-Jun,250,11/10/1990,Stanford,TE,Zach Ertz
39984,Jun-00,190,1/1/1991,Mississippi State,CB,Darius Slay
39987,3-Jun,221,10/10/1990,West Virginia,QB,Geno Smith
39989,Jun-00,193,4/10/1992,Southern California,WR,Robert Woods
39997,3-Jun,340,3/30/1992,Ohio State,DT,Johnathan Hankins
39998,1-Jun,245,5/5/1991,Florida,OLB,Jon Bostic
40000,3-Jun,255,10/20/1989,Southern Mississippi,OLB,Jamie Collins
40011,5-Jun,260,10/5/1989,Cincinnati,TE,Travis Kelce
40017,9-May,190,5/13/1992,Louisiana State,FS,Tyrann Mathieu
40023,5-Jun,304,7/23/1991,Arkansas-Pine Bluff,T,Terron Armstead
40024,2-Jun,211,4/27/1992,California,WR,Keenan Allen
40026,9-May,179,11/19/1990,Texas,WR,Marquise Goodwin
40030,3-Jun,327,7/11/1989,Georgia,DT,John Jenkins
40031,11-May,195,2/9/1991,Rutgers,FS,Logan Ryan
40039,1-Jun,205,1/24/1991,Rutgers,SS,Duron Harmon
40048,1-Jun,307,11/29/1991,Illinois,DT,Akeem Spence
40057,4-Jun,310,9/30/1991,Colorado,T,David Bakhtiari
40074,6-Jun,281,7/31/1991,Michigan State,DE,William Gholston
40078,1-Jun,240,4/23/1991,Harvard,FB,Kyle Juszczyk
40089,5-Jun,315,6/5/1991,Virginia,G,Oday Aboushi
40095,3-Jun,263,9/16/1990,Buffalo,OLB,Steven Means
40096,1-Jun,240,7/30/1991,Iowa State,OLB,A.J. Klein
40107,Jun-00,197,12/31/1990,Iowa,FS,Micah Hyde
40124,5-Jun,310,8/24/1990,San Jose State,G,David Quessenberry
40129,3-Jun,230,1/18/1990,Central Florida,RB,Latavius Murray
40138,10-May,215,7/2/1990,Nebraska,RB,Rex Burkhead
40149,6-Jun,255,1/11/1990,Connecticut,TE,Ryan Griffin
40166,Jun-00,191,4/25/1991,Oregon State,SS,Jordan Poyer
40171,4-Jun,309,2/21/1990,Samford,DT,Nicholas Williams
40347,3-Jun,328,4/20/1991,Wyoming,DT,Mike Purcell
40463,3-Jun,263,7/2/1991,Pennsylvania,OLB,Brandon Copeland
40488,2-Jun,200,8/22/1990,Minn. State-Mankato,WR,Adam Thielen
40494,8-May,178,1/17/1992,Southern California,CB,Nickell Robey
40737,11-May,212,1/27/1992,Oklahoma,SS,Tony Jefferson
41069,2-Jun,300,6/5/1989,Iowa,C,James Ferentz
41227,5-Jun,255,2/14/1993,South Carolina,DE,Jadeveon Clowney
41230,1-Jun,211,6/14/1993,Clemson,WR,Sammy Watkins
41231,3-Jun,269,2/22/1991,Buffalo,OLB,Khalil Mack
41232,5-Jun,309,2/11/1992,Texas A&amp;M,T,Jake Matthews
41233,5-Jun,231,8/21/1993,Texas A&amp;M,WR,Mike Evans
41235,5-Jun,255,3/18/1992,UCLA,OLB,Anthony Barr
41237,7-Jun,309,7/22/1991,Michigan,T,Taylor Lewan
41239,1-Jun,280,5/23/1991,Pittsburgh,DT,Aaron Donald
41240,11-May,194,2/16/1992,Virginia Tech,CB,Kyle Fuller
41242,4-Jun,315,11/20/1990,Notre Dame,G,Zack Martin
41243,2-Jun,250,6/19/1992,Alabama,MLB,C.J. Mosley
41245,6-Jun,312,6/3/1992,Tennessee,T,Ja'Wuan James
41246,10-May,183,9/25/1993,Oregon State,WR,Brandin Cooks
41256,11-May,193,7/18/1991,Northern Illinois,FS,Jimmie Ward
41257,11-May,194,5/1/1992,Ohio State,CB,Bradley Roby
41258,2-Jun,215,11/10/1992,Louisville,QB,Teddy Bridgewater
41263,3-Jun,265,4/28/1992,Boise State,DE,Demarcus Lawrence
41264,4-Jun,320,10/11/1991,Nevada,G,Joel Bitonio
41265,3-Jun,210,3/28/1991,Fresno State,QB,Derek Carr
41269,3-Jun,250,3/26/1991,Brigham Young,OLB,Kyle Van Noy
41270,8-May,185,11/27/1990,Florida State,SS,Lamarcus Joyner
41279,3-Jun,252,1/17/1993,Georgia Tech,OLB,Jeremiah Attaochu
41282,1-Jun,215,12/24/1992,Fresno State,WR,Davante Adams
41290,2-Jun,220,8/24/1993,Penn State,WR,Allen Robinson
41291,2-Jun,225,11/2/1991,Eastern Illinois,QB,Jimmy Garoppolo
41292,11-May,196,11/28/1992,Louisiana State,WR,Jarvis Landry
41293,6-Jun,315,5/29/1991,Missouri,C,Justin Britt
41295,6-Jun,330,3/3/1991,Virginia,T,Morgan Moses
41296,5-Jun,310,10/17/1991,North Dakota State,T,Billy Turner
41300,2-Jun,235,8/31/1992,Iowa,OLB,Christian Kirksey
41310,3-Jun,336,7/12/1991,Mississippi State,G,Gabe Jackson
41321,3-Jun,315,6/14/1993,Louisiana State,G,Trai Turner
41324,6-Jun,301,11/15/1990,Michigan,G,Michael Schofield
41325,9-May,205,5/3/1992,Georgia Southern,RB,Jerick McKinnon
41327,4-Jun,257,1/22/1992,California,TE,Richard Rodgers
41336,2-Jun,350,12/27/1990,Louisiana Tech,DT,Justin Ellis
41341,4-Jun,322,12/27/1991,Penn State,DT,DaQuan Jones
41349,6-Jun,250,7/1/1991,Virginia Tech,TE,Logan Thomas
41358,2-Jun,200,12/1/1991,North Carolina State,CB,Dontae Johnson
41361,Jun-00,230,10/7/1991,Boston College,OLB,Kevin Pierre-Louis
41363,7-Jun,300,5/5/1991,Virginia,DE,Brent Urban
41369,6-Jun,320,9/3/1992,Stanford,T,Cameron Fleming
41390,3-Jun,301,7/27/1991,Ohio State,C,Corey Linsley
41403,3-Jun,256,6/24/1991,Southern California,OLB,Devon Kennard
41464,2-Jun,290,8/11/1991,Illinois State,DE,Shelby Harris
41475,3-Jun,305,10/9/1991,Boise State,T,Charles Leno
41483,11-May,190,5/17/1992,Oregon,CB,Terrance Mitchell
41500,11-May,205,10/17/1992,Ball State,WR,Willie Snead
41532,5-Jun,310,12/17/1991,North Carolina,T,James Hurst
41563,8-Jun,328,7/18/1991,Kansas State,T,Cornelius Lucas
41595,4-Jun,332,5/9/1991,Colorado State-Pueblo,DT,Mike Pennel
41599,1-Jun,232,5/6/1991,South Carolina State,MLB,Joe Thomas
41630,3-Jun,317,5/31/1992,Central Florida,C,Justin McCray
41665,3-Jun,310,5/5/1991,Clemson,G,Tyler Shatley
41667,6-Jun,306,2/14/1991,James Madison,T,Josh Wells
41707,4-Jun,325,7/8/1991,Utah State,C,Tyler Larsen
41712,11-May,224,4/3/1992,Oklahoma,RB,Damien Williams
41786,2-Jun,270,5/2/1991,Texas Tech,DE,Kerry Hyder
41808,Jun-00,240,4/8/1992,San Jose State,FB,Keith Smith
41915,2-Jun,250,11/17/1992,Colorado State,OLB,Shaquil Barrett
41939,6-Jun,325,10/25/1991,Ohio State,G,Andrew Norwell
41947,3-Jun,250,2/18/1991,Florida State,MLB,Christian Jones
41959,6-Jun,330,7/7/1992,Bloomsburg,G,Matt Feiler
42030,9-May,183,7/12/1991,Pittsburgh,CB,K'Waun Williams
42031,5-Jun,285,7/15/1990,Mississippi State,DE,Denico Autry
42033,5-Jun,245,7/3/1991,Harvard,TE,Cameron Brate
42116,11-May,210,3/28/1992,Texas,SS,Adrian Phillips
42302,6-Jun,255,4/10/1992,Canisius,TE,Chris Manhertz
42331,6-Jun,265,4/13/1992,No College,DE,Efe Obada
42344,4-Jun,231,1/6/1994,Florida State,QB,Jameis Winston
42345,4-Jun,222,10/30/1993,Oregon,QB,Marcus Mariota
42346,3-Jun,255,8/3/1994,Florida,OLB,Dante Fowler
42347,1-Jun,211,6/17/1994,Alabama,WR,Amari Cooper
42348,5-Jun,315,12/26/1991,Iowa,G,Brandon Scherff
42349,5-Jun,302,6/20/1994,Southern California,DT,Leonard Williams
42350,3-Jun,216,6/25/1992,West Virginia,WR,Kevin White
42356,7-Jun,316,11/4/1993,Stanford,G,Andrus Peat
42357,3-Jun,216,1/20/1993,Louisville,WR,DeVante Parker
42358,1-Jun,215,4/13/1993,Wisconsin,RB,Melvin Gordon
42360,7-Jun,292,11/15/1993,Oregon,DT,Arik Armstead
42361,Jun-00,197,1/9/1993,Washington,CB,Marcus Peters
42362,5-Jun,313,8/23/1992,Florida State,T,Cameron Erving
42363,Jun-00,198,5/24/1993,Southern California,WR,Nelson Agholor
42364,5-Jun,310,4/25/1992,Texas A&amp;M,T,Cedric Ogbuehi
42365,4-Jun,269,2/12/1993,Kentucky,OLB,Bud Dupree
42367,5-Jun,307,12/28/1993,Florida,T,D.J. Humphries
42368,Jun-00,230,4/21/1994,Washington,MLB,Shaq Thompson
42369,2-Jun,215,9/10/1993,Central Florida,WR,Breshad Perriman
42371,3-Jun,312,2/9/1992,Duke,G,Laken Tomlinson
42372,10-May,192,1/5/1993,Miami,WR,Phillip Dorsett
42376,Jun-00,218,1/10/1994,Alabama,SS,Landon Collins
42377,6-Jun,338,6/23/1993,Penn State,T,Donovan Smith
42378,3-Jun,280,1/25/1994,Florida State,DT,Mario Edwards
42381,5-Jun,265,11/17/1992,Mississippi State,OLB,Preston Smith
42388,Jun-00,232,2/29/1992,UCLA,MLB,Eric Kendricks
42390,1-Jun,205,10/3/1992,Utah,SS,Eric Rowe
42391,11-May,240,12/5/1992,Miami,MLB,Denzel Perryman
42392,6-Jun,305,4/21/1992,Missouri,C,Mitch Morse
42393,11-May,193,1/2/1994,Florida State,CB,Ronald Darby
42395,6-Jun,341,9/21/1992,Oklahoma,DE,Jordan Phillips
42397,9-May,203,6/13/1993,Nebraska,RB,Ameer Abdullah
42398,4-Jun,252,4/12/1994,Minnesota,TE,Maxx Williams
42400,8-Jun,328,5/13/1992,Wisconsin,T,Rob Havenstein
42401,3-Jun,260,3/13/1991,Missouri,OLB,Markus Golden
42403,5-Jun,255,11/23/1992,Nebraska,DE,Randy Gregory
42406,3-Jun,260,6/14/1993,Michigan,DE,Frank Clark
42410,3-Jun,325,10/3/1991,South Carolina,G,A.J. Cann
42412,10-May,182,9/28/1992,Kansas State,WR,Tyler Lockett
42416,1-Jun,210,4/16/1993,Indiana,RB,Tevin Coleman
42419,3-Jun,205,10/25/1992,Georgia,WR,Chris Conley
42421,Jun-00,196,6/1/1993,Florida State,CB,P.J. Williams
42427,1-Jun,236,6/27/1992,Texas,MLB,Jordan Hicks
42428,6-Jun,250,10/15/1992,Rutgers,TE,Tyler Kroft
42431,5-Jun,252,10/29/1994,Louisiana State,OLB,Danielle Hunter
42433,5-Jun,320,3/2/1992,Iowa,DT,Carl Davis
42436,6-Jun,301,8/3/1991,Stanford,DE,Henry Anderson
42437,Jun-00,216,1/22/1993,Stanford,WR,Ty Montgomery
42441,11-May,194,1/22/1993,Oregon State,CB,Steven Nelson
42443,4-Jun,318,11/14/1992,Auburn,DT,Angelo Blackson
42444,2-Jun,265,8/16/1993,Arkansas,OLB,Trey Flowers
42448,9-May,177,6/17/1993,Duke,WR,Jamison Crowder
42465,4-Jun,272,9/8/1992,Kentucky,OLB,Za'Darius Smith
42467,1-Jun,227,8/3/1994,Louisiana State,OLB,Kwon Alexander
42469,9-May,221,2/19/1993,South Carolina,RB,Mike Davis
42470,Jun-00,243,5/28/1993,Minnesota,MLB,Damien Wilson
42471,4-Jun,323,2/10/1992,Miami,C,Jon Feliciano
42474,1-Jun,310,8/28/1993,Georgia Tech,G,Shaquille Mason
42476,4-Jun,309,11/9/1991,Florida,G,Max Garcia
42477,4-Jun,310,5/3/1992,West Virginia,G,Mark Glowinski
42480,Jun-00,305,4/28/1993,Clemson,DT,Grady Jarrett
42485,Jun-00,214,4/29/1993,Penn State,FS,Adrian Amos
42486,2-Jun,243,3/24/1992,Southern Illinois,TE,MyCole Pruitt
42488,11-May,192,8/18/1993,Memphis,FS,Bobby McCain
42489,Jun-00,191,11/29/1993,Maryland,WR,Stefon Diggs
42500,6-Jun,260,1/14/1993,Auburn,TE,C.J. Uzomah
42503,7-Jun,250,6/4/1994,Penn State,TE,Jesse James
42511,Jun-00,240,2/1/1992,Rutgers,FB,Michael Burton
42512,2-Jun,245,8/8/1993,Texas State,MLB,David Mayo
42514,4-Jun,270,2/17/1993,Delaware,TE,Nick Boyle
42543,9-May,197,1/22/1993,Texas,FS,Quandre Diggs
42547,6-Jun,255,9/13/1992,Georgia Tech,TE,Darren Waller
42553,1-Jun,298,3/10/1992,Louisiana-Lafayette,DT,Christian Ringo
42559,2-Jun,305,10/16/1993,Rice,DT,Christian Covington
42560,2-Jun,307,7/3/1993,Southern Mississippi,DT,Rakeem Nunez-Roches
42569,5-Jun,310,8/21/1994,Florida State,T,Bobby Hart
42587,8-Jun,380,4/13/1993,Florida,T,Trenton Brown
42589,4-Jun,260,9/16/1993,Texas,TE,Geoff Swaim
42593,3-Jun,220,12/26/1991,Northwestern,QB,Trevor Siemian
42654,4-Jun,320,7/26/1993,Louisiana State,T,La'el Collins
42718,10-May,197,4/9/1992,Purdue,RB,Raheem Mostert
42721,6-Jun,263,4/22/1992,Texas-El Paso,TE,Eric Tomlinson
42771,2-Jun,234,4/6/1993,Marshall,MLB,Neville Hewitt
42794,8-May,190,4/10/1993,Sacramento State,WR,DeAndre Carter
42816,11-May,184,8/29/1991,Oregon,CB,Troy Hill
42818,4-Jun,209,2/17/1992,Wisconsin-Whitewater,WR,Jake Kumerow
42826,1-Jun,292,12/29/1992,Clemson,DT,DeShawn Williams
42827,11-May,190,3/27/1993,Tennessee,CB,Justin Coleman
42831,1-Jun,210,3/15/1993,Old Dominion,QB,Taylor Heinicke
42837,11-May,222,5/15/1993,Texas,RB,Malcolm Brown
42883,3-Jun,300,7/10/1992,Georgia,C,David Andrews
42899,9-May,180,1/27/1993,South Carolina,WR,Damiere Byrd
42901,1-Jun,208,7/25/1992,James Madison,SS,Dean Marlowe
42929,2-Jun,242,12/7/1993,Montana State,OLB,Alex Singleton
42935,9-May,188,10/23/1991,Rice,CB,Bryce Callahan
42954,4-Jun,310,4/23/1992,Toledo,C,Greg Mancz
43092,Jun-00,299,11/23/1992,North Carolina State,DT,T.Y. McGill
43290,4-Jun,223,10/14/1994,California,QB,Jared Goff
43291,5-Jun,237,12/30/1992,North Dakota State,QB,Carson Wentz
43292,5-Jun,280,7/11/1995,Ohio State,OLB,Joey Bosa
43293,Jun-00,228,7/22/1995,Ohio State,RB,Ezekiel Elliott
43294,1-Jun,208,10/24/1994,Florida State,CB,Jalen Ramsey
43295,6-Jun,315,3/18/1994,Notre Dame,T,Ronnie Stanley
43296,7-Jun,300,3/17/1994,Oregon,DT,DeForest Buckner
43297,6-Jun,308,8/17/1994,Michigan State,T,Jack Conklin
43298,5-Jun,240,9/8/1992,Georgia,DE,Leonard Floyd
43299,1-Jun,203,8/9/1995,Ohio State,CB,Eli Apple
43301,2-Jun,305,4/2/1994,Louisville,DT,Sheldon Rankins
43302,5-Jun,313,8/2/1994,Mississippi,T,Laremy Tunsil
43305,7-Jun,318,8/23/1993,Ohio State,T,Taylor Decker
43306,1-Jun,216,7/26/1995,Florida,FS,Keanu Neal
43307,4-Jun,309,5/30/1993,Alabama,C,Ryan Kelly
43308,3-Jun,267,6/17/1994,Clemson,DE,Shaq Lawson
43313,Jun-00,196,10/27/1992,Houston,CB,William Jackson
43314,Jun-00,197,5/1/1995,Miami,CB,Artie Burns
43316,3-Jun,314,10/4/1995,UCLA,DT,Kenny Clark
43321,4-Jun,275,11/6/1993,Oklahoma State,DE,Emmanuel Ogbah
43323,2-Jun,245,6/14/1995,Notre Dame,MLB,Jaylon Smith
43324,5-Jun,250,12/7/1994,Arkansas,TE,Hunter Henry
43325,1-Jun,244,9/3/1995,UCLA,MLB,Myles Jack
43326,6-Jun,308,7/3/1994,Mississippi State,DT,Chris Jones
43327,1-Jun,200,7/4/1993,Baylor,CB,Xavien Howard
43329,10-May,201,2/10/1993,Oklahoma,WR,Sterling Shepard
43332,4-Jun,314,5/8/1994,Penn State,DT,Austin Johnson
43333,5-Jun,287,5/11/1994,Illinois,OLB,Jihad Ward
43334,3-Jun,247,1/4/1994,Alabama,RB,Derrick Henry
43335,4-Jun,330,3/21/1995,Alabama,DT,A'Shawn Robinson
43336,3-Jun,212,3/3/1993,Ohio State,WR,Michael Thomas
43338,3-Jun,306,12/16/1992,Alabama,DT,Jarran Reed
43339,4-Jun,300,4/29/1993,Notre Dame,C,Nick Martin
43341,1-Jun,227,11/4/1994,Louisiana State,MLB,Deion Jones
43344,2-Jun,203,11/15/1994,Pittsburgh,WR,Tyler Boyd
43345,3-Jun,309,7/11/1992,Kansas State,G,Cody Whitehair
43350,11-May,205,12/12/1994,Ohio State,SS,Vonn Bell
43351,1-Jun,212,8/4/1993,Samford,CB,James Bradberry
43352,4-Jun,287,9/23/1992,Georgia Tech,DE,Adam Gotsis
43353,11-May,212,8/17/1993,Middle Tennessee,FS,Kevin Byard
43354,7-Jun,275,4/12/1993,Penn State,OLB,Carl Nassib
43356,2-Jun,308,4/8/1995,Nebraska,DT,Maliek Collins
43358,2-Jun,246,3/31/1995,Maryland,DE,Yannick Ngakoue
43361,3-Jun,296,10/22/1993,Florida,DE,Jonathan Bullard
43362,1-Jun,211,1/26/1994,Alabama,RB,Kenyan Drake
43366,1-Jun,215,2/22/1995,West Virginia,CB,Daryl Worley
43367,5-Jun,308,11/18/1992,North Carolina State,G,Joe Thuney
43368,4-Jun,303,10/29/1993,Oregon State,G,Isaac Seumalo
43370,4-Jun,254,10/29/1994,Stanford,TE,Austin Hooper
43373,11-May,198,2/13/1995,Virginia Tech,CB,Kendall Fuller
43376,2-Jun,235,8/20/1993,Utah State,MLB,Nick Vigil
43378,2-Jun,305,2/7/1993,South Carolina State,DT,Javon Hargrave
43380,4-Jun,235,12/11/1992,North Carolina State,QB,Jacoby Brissett
43383,6-Jun,261,3/6/1993,Ohio State,TE,Nick Vannett
43384,6-Jun,310,8/19/1992,Michigan,G,Graham Glasgow
43387,2-Jun,202,11/19/1993,Boston College,FS,Justin Simmons
43388,1-Jun,245,11/6/1993,Wisconsin,MLB,Joe Schobert
43395,11-May,199,1/7/1994,Minnesota,FS,Eric Murray
43396,1-Jun,200,6/16/1993,Cincinnati,WR,Chris Moore
43399,6-Jun,257,1/1/1993,Western Kentucky,TE,Tyler Higbee
43400,2-Jun,222,5/10/1993,Southern Utah,SS,Miles Killebrew
43404,4-Jun,232,7/1/1993,Minnesota,MLB,De'Vondre Campbell
43405,3-Jun,305,11/2/1994,Texas,DT,Hassan Ridgeway
43407,Jun-00,212,8/4/1993,North Carolina State,SS,Juston Burris
43409,4-Jun,300,11/13/1992,"Manitoba, Can.",DT,David Onyemata
43411,1-Jun,328,3/6/1995,Baylor,DT,Andrew Billings
43413,Jun-00,200,8/14/1993,Miami,SS,Deon Bush
43415,1-Jun,203,9/21/1994,Florida,WR,Demarcus Robinson
43420,2-Jun,237,1/9/1994,Stanford,MLB,Blake Martinez
43424,2-Jun,238,7/29/1993,Mississippi State,QB,Dak Prescott
43426,6-Jun,296,6/9/1994,Northwestern,DE,Dean Lowry
43433,4-Jun,306,4/27/1993,Missouri,C,Connor McGovern
43435,3-Jun,261,8/15/1992,Grand Valley State,OLB,Matt Judon
43436,4-Jun,291,3/31/1993,Maryland,DE,Quinton Jefferson
43439,Jun-00,224,11/2/1994,Indiana,RB,Jordan Howard
43441,3-Jun,310,1/11/1994,Temple,DT,Matt Ioannidis
43444,6-Jun,298,3/11/1993,North Dakota State,T,Joe Haeg
43445,Jun-00,217,2/2/1994,Arkansas,RB,Jonathan Williams
43447,5-Jun,324,2/6/1992,South Carolina,T,Brandon Shell
43454,10-May,185,3/1/1994,West Alabama,WR,Tyreek Hill
43455,3-Jun,347,7/1/1994,Clemson,DT,D.J. Reader
43461,1-Jun,198,10/7/1994,Colorado State,WR,Rashard Higgins
43474,Jun-00,202,4/13/1993,William &amp; Mary,FS,DeAndre Houston-Carson
43478,11-May,196,12/15/1993,Purdue,CB,Anthony Brown
43484,5-Jun,314,9/11/1993,San Jose State,G,Wes Schweitzer
43487,2-Jun,234,11/7/1992,Wisconsin,FB,Derek Watt
43490,2-Jun,209,9/5/1992,Arkansas,QB,Brandon Allen
43495,1-Jun,189,8/16/1994,Southern Mississippi,WR,Mike Thomas
43496,4-Jun,235,4/23/1993,Louisiana Tech,QB,Jeff Driskel
43497,2-Jun,230,5/16/1994,Eastern Illinois,MLB,Kamu Grugier-Hill
43503,Jun-00,238,4/22/1994,Houston,MLB,Elandon Roberts
43508,1-Jun,194,7/29/1994,Arizona,FS,Will Parks
43510,4-Jun,305,3/15/1993,Illinois,C,Ted Karras
43522,Jun-00,191,4/6/1994,Louisiana State,CB,Jalen Mills
43525,1-Jun,223,4/24/1994,Washington,RB,Dwayne Washington
43533,4-Jun,215,2/11/1994,Clemson,FS,Jayron Kearse
43534,Jun-00,205,6/2/1993,Illinois,SS,Clayton Fejedelem
43537,3-Jun,300,6/16/1992,Iowa,C,Austin Blythe
43584,8-May,182,8/8/1994,Holy Cross,WR,Kalif Raymond
43586,5-Jun,322,7/19/1992,Western Kentucky,T,George Fant
43616,11-May,209,7/15/1992,Notre Dame,FS,Matthias Farley
43641,9-May,184,3/9/1994,Mississippi,CB,Mike Hilton
43694,Jun-00,340,11/6/1992,Samford,DT,Michael Pierce
43700,10-May,190,9/20/1993,Auburn,CB,Jonathan Jones
43722,10-May,195,8/15/1993,Arkansas State,RB,J.D. McKissic
43757,11-May,202,10/28/1992,Connecticut,SS,Andrew Adams
43780,3-Jun,294,9/16/1993,Florida Atlantic,DT,Brandin Bryant
43787,5-Jun,294,7/23/1993,Texas-El Paso,DT,Roy Robertson-Harris
43791,3-Jun,275,9/12/1994,Colorado State-Pueblo,DE,Morgan Fox
43797,3-Jun,228,11/18/1993,Washington,OLB,Cory Littleton
43808,3-Jun,190,5/9/1993,Temple,WR,Robbie  Chosen
43821,4-Jun,299,9/10/1992,UCLA,C,Jake Brendel
43845,3-Jun,230,1/30/1993,California,TE,Stephen Anderson
43938,1-Jun,318,1/3/1993,Southern California,DT,Antwaun Woods
43971,11-May,235,7/22/1993,"Augustana, S.D.",FB,C.J. Ham
43986,Jun-00,190,1/24/1993,South Carolina State,CB,Antonio Hamilton
44003,1-Jun,207,8/5/1994,Texas,WR,Marcus Johnson
44009,3-Jun,240,8/28/1993,Pittsburgh,TE,J.P. Holtz
44068,3-Jun,313,7/30/1993,Duke,G,Lucas Patrick
44174,1-Jun,236,2/22/1993,Texas Tech,MLB,Sam Eguavoen
44792,5-Jun,267,9/19/1993,Virginia Commonwealth,TE,Mo Alie-Cox
44813,4-Jun,272,12/29/1995,Texas A&amp;M,DE,Myles Garrett
44814,2-Jun,215,8/20/1994,North Carolina,QB,Mitchell Trubisky
44815,2-Jun,280,8/26/1995,Stanford,DT,Solomon Thomas
44816,Jun-00,228,1/18/1995,Louisiana State,RB,Leonard Fournette
44817,3-Jun,209,1/11/1995,Western Michigan,WR,Corey Davis
44818,1-Jun,213,10/17/1995,Louisiana State,SS,Jamal Adams
44819,4-Jun,218,10/4/1994,Clemson,WR,Mike Williams
44820,11-May,205,6/7/1996,Stanford,RB,Christian McCaffrey
44822,3-Jun,230,9/17/1995,Texas Tech,QB,Patrick Mahomes
44823,Jun-00,192,5/20/1996,Ohio State,CB,Marshon Lattimore
44825,1-Jun,235,9/22/1994,Temple,OLB,Haason Reddick
44826,3-Jun,259,6/25/1996,Tennessee,DE,Derek Barnett
44827,1-Jun,212,4/2/1996,Ohio State,FS,Malik Hooker
44828,Jun-00,197,7/8/1996,Alabama,CB,Marlon Humphrey
44829,3-Jun,300,1/16/1995,Alabama,DT,Jonathan Allen
44830,11-May,185,9/18/1995,Southern California,CB,Adoree' Jackson
44831,6-Jun,250,11/18/1994,Alabama,TE,O.J. Howard
44832,5-Jun,300,5/27/1992,Utah,T,Garett Bolles
44834,3-Jun,250,3/6/1995,Missouri,OLB,Charles Harris
44835,3-Jun,240,9/2/1994,Mississippi,TE,Evan Engram
44837,11-May,213,10/4/1995,Michigan,SS,Jabrill Peppers
44838,2-Jun,265,11/2/1995,UCLA,DE,Takkarist McKinley
44841,4-Jun,246,7/10/1996,Miami,TE,David Njoku
44842,4-Jun,252,10/11/1994,Wisconsin,OLB,T.J. Watt
44844,6-Jun,314,4/22/1994,Wisconsin,T,Ryan Ramczyk
44846,6-Jun,320,10/9/1995,Alabama,T,Cam Robinson
44848,10-May,195,1/10/1996,Washington,SS,Budda Baker
44849,2-Jun,200,3/30/1995,East Carolina,WR,Zay Jones
44851,Jun-00,207,3/9/1993,Florida,FS,Marcus Maye
44852,11-May,195,8/11/1996,Ohio State,WR,Curtis Samuel
44853,10-May,210,8/10/1995,Florida State,RB,Dalvin Cook
44854,1-Jun,195,9/8/1996,Utah,FS,Marcus Williams
44855,Jun-00,181,5/21/1996,Washington,CB,Sidney Jones
44856,3-Jun,240,6/25/1994,South Alabama,TE,Gerald Everett
44858,2-Jun,193,8/16/1996,Florida,CB,Quincy Wilson
44859,3-Jun,240,5/23/1995,Houston,OLB,Tyus Bowser
44860,1-Jun,220,7/24/1996,Oklahoma,RB,Joe Mixon
44861,2-Jun,253,8/12/1994,Alabama,OLB,Ryan Anderson
44862,Jun-00,199,8/26/1995,Texas A&amp;M,SS,Justin Evans
44863,4-Jun,280,9/30/1994,Florida State,DE,DeMarcus Walker
44866,2-Jun,242,11/17/1995,Ohio State,MLB,Raekwon McMillan
44867,3-Jun,318,2/28/1994,Alabama,DT,Dalvin Tomlinson
44869,3-Jun,238,12/2/1994,Vanderbilt,MLB,Zach Cunningham
44870,6-Jun,320,8/5/1995,Louisiana State,C,Ethan Pocic
44871,7-Jun,289,6/14/1994,Villanova,DE,Tanoh Kpassagnon
44872,Jun-00,202,5/24/1995,Colorado,CB,Chidobe Awuzie
44873,2-Jun,220,9/20/1994,North Carolina State,FS,Josh Jones
44874,1-Jun,215,11/22/1996,Southern California,WR,JuJu Smith-Schuster
44875,5-Jun,320,4/26/1994,Temple,T,Dion Dawkins
44876,5-Jun,325,3/18/1994,Western Michigan,T,Taylor Moton
44877,3-Jun,305,6/3/1994,North Carolina-Charlotte,DT,Larry Ogunjobi
44878,2-Jun,195,3/21/1995,Colorado,CB,Ahkello Witherspoon
44879,10-May,215,7/25/1995,Tennessee,RB,Alvin Kamara
44880,3-Jun,264,3/2/1995,Illinois,DE,Dawuane Smoot
44881,2-Jun,208,6/15/1993,Eastern Washington,WR,Cooper Kupp
44882,3-Jun,303,7/6/1994,Ohio State,C,Pat Elflein
44886,5-Jun,300,8/25/1993,Michigan,DE,Chris Wormley
44887,1-Jun,230,8/9/1994,Louisiana State,MLB,Duke Riley
44888,3-Jun,240,9/22/1994,Florida,MLB,Alex Anzalone
44892,4-Jun,266,3/18/1994,Ohio,DE,Tarell Basham
44893,Jun-00,204,4/9/1994,UCLA,CB,Fabian Moreau
44896,1-Jun,209,2/27/1996,Penn State,WR,Chris Godwin
44898,11-May,216,8/6/1995,Toledo,RB,Kareem Hunt
44901,1-Jun,233,4/24/1996,Texas,RB,D'Onta Foreman
44902,Jun-00,198,7/20/1995,Central Florida,CB,Shaquill Griffin
44903,Jun-00,209,12/19/1995,Boston College,FS,John Johnson
44904,10-May,195,8/31/1995,Michigan,CB,Jourdan Lewis
44905,4-Jun,304,7/24/1995,Auburn,DT,Montravius Adams
44906,11-May,188,2/27/1995,Tennessee,CB,Cameron Sutton
44908,4-Jun,213,11/3/1993,Northern Illinois,WR,Kenny Golladay
44911,2-Jun,209,8/29/1995,West Virginia,CB,Rasul Douglas
44912,3-Jun,248,8/22/1995,Florida International,TE,Jonnu Smith
44915,4-Jun,270,12/5/1994,Florida Atlantic,DE,Trey Hendrickson
44917,1-Jun,233,5/5/1995,Pittsburgh,RB,James Conner
44922,3-Jun,316,7/12/1994,Iowa,DT,Jaleel Johnson
44925,Jun-00,202,12/10/1993,Alabama,SS,Eddie Jackson
44926,1-Jun,220,1/25/1994,Miami,SS,Rayshawn Jenkins
44927,11-May,240,9/16/1995,Oklahoma,RB,Samaje Perine
44929,2-Jun,265,6/29/1995,Auburn,DE,Carl Lawson
44930,3-Jun,196,2/16/1995,Texas A&amp;M,WR,Josh Reynolds
44931,4-Jun,221,9/16/1993,North Carolina,WR,Mack Hollins
44937,Jun-00,233,1/31/1995,Tennessee,OLB,Jalen Reeves-Maybin
44938,3-Jun,245,5/9/1995,Eastern Washington,DE,Samson Ebukam
44944,5-Jun,275,7/26/1994,Arkansas,DE,Deatrich Wise
44947,Jun-00,213,4/3/1995,Brigham Young,RB,Jamaal Williams
44949,4-Jun,284,3/28/1995,Oregon State,C,Sean Harlow
44955,3-Jun,297,12/5/1993,Clemson,DE,Carlos Watkins
44957,4-Jun,315,10/20/1993,"Albany State, Ga.",DT,Grover Stewart
44959,4-Jun,250,10/9/1993,Iowa,TE,George Kittle
44964,10-May,201,12/14/1994,Iowa,CB,Desmond King
44968,Jun-00,226,2/26/1995,UCLA,OLB,Jayon Brown
44972,4-Jun,335,12/13/1994,Texas A&amp;M,G,Jermaine Eluemunor
44974,1-Jun,230,8/8/1995,Northwestern,MLB,Anthony Walker
44976,Jun-00,223,7/28/1994,Boston College,OLB,Matt Milano
44978,10-May,190,4/3/1995,San Diego,WR,Jamal Agnew
44985,8-May,173,4/9/1995,Georgia,WR,Isaiah McKenzie
44987,5-Jun,253,5/1/1994,Drake,TE,Eric Saubert
44990,8-May,181,4/30/1994,Louisiana Tech,WR,Trent Taylor
44991,3-Jun,311,11/11/1994,Louisiana State,DT,Davon Godchaux
44995,9-May,208,12/2/1994,Texas-El Paso,RB,Aaron Jones
44999,Jun-00,205,4/19/1995,Virginia Tech,SS,Chuck Clark
45004,11-May,202,7/26/1995,Louisiana Tech,FS,Xavier Woods
45005,2-Jun,255,5/17/1994,West Georgia,RB,Alex Armah
45008,1-Jun,228,12/16/1994,Boise State,MLB,Tanner Vallejo
45009,4-Jun,250,3/28/1995,Miami,DE,Al-Quadin Muhammad
45011,Jun-00,321,1/19/1995,Mississippi,DT,D.J. Jones
45012,4-Jun,312,8/23/1993,Wyoming,C,Chase Roullier
45021,Jun-00,204,11/1/1994,Auburn,SS,Rudy Ford
45024,8-Jun,305,10/19/1992,UCLA,T,Conor McDermott
45030,4-Jun,307,8/12/1994,Chattanooga,C,Corey Levin
45033,3-Jun,258,4/8/1994,Northwestern,DE,Ifeadi Odenigbo
45038,4-Jun,280,4/22/1995,Notre Dame,DE,Isaac Rochell
45045,2-Jun,229,2/8/1996,Kansas State,OLB,Elijah Lee
45052,2-Jun,225,1/6/1996,Ohio State,WR,Noah Brown
45056,5-Jun,320,3/4/1994,Baylor,G,Kyle Fuller
45063,4-Jun,270,11/1/1993,Eastern Michigan,DE,Pat O'Connor
45064,5-Jun,252,11/4/1993,Buffalo,TE,Mason Schreck
45069,5-Jun,260,1/27/1994,San Diego State,C,Daniel Brunskill
45094,4-Jun,232,11/23/1994,Oregon,TE,Johnny Mundt
45102,2-Jun,214,12/18/1994,Old Dominion,WR,Zach Pascal
45159,11-May,212,2/26/1995,Temple,QB,Phillip Walker
45185,1-Jun,203,8/4/1995,Eastern Washington,WR,Kendrick Bourne
45186,10-May,190,2/28/1995,Georgia Southern,RB,Matt Breida
45198,1-Jun,210,3/21/1995,Southern Mississippi,QB,Nick Mullens
45203,5-Jun,250,2/18/1995,Louisiana State,DE,Tashawn Bower
45215,1-Jun,230,9/26/1994,Cincinnati,OLB,Eric Wilson
45217,3-Jun,248,9/5/1995,Nebraska,TE,Cethan Carter
45226,3-Jun,345,5/2/1994,Colorado,DT,Josh Tupou
45244,2-Jun,221,8/23/1990,Brigham Young,TE,Taysom Hill
45268,3-Jun,311,5/27/1994,Maine,FB,Patrick Ricard
45280,4-Jun,209,11/18/1993,Arkansas,WR,Cody Hollister
45281,4-Jun,245,11/18/1993,Wyoming,TE,Jacob Hollister
45287,9-May,190,8/23/1995,Valdosta State,CB,Kenny Moore
45339,6-Jun,258,5/4/1994,Oregon,TE,Pharaoh Brown
45345,Jun-00,225,7/10/1995,Greenville,OLB,Nicholas Morrow
45352,Jun-00,240,1/10/1994,Villanova,MLB,Austin Calitro
45355,2-Jun,246,2/19/1995,Harvard,TE,Anthony Firkser
45369,4-Jun,210,8/14/1995,Hawaii,WR,Marcus Kemp
45395,10-May,190,7/13/1993,Memphis,CB,Arthur Maulet
45507,1-Jun,193,12/18/1994,Wyoming,WR,Tanner Gentry
45533,Jun-00,231,2/21/1994,Northwestern,MLB,Joseph Jones
45536,3-Jun,225,11/21/1993,Central Michigan,QB,Cooper Rush
45550,6-Jun,329,2/10/1995,Massachusetts,T,Elijah Wilkinson
45555,1-Jun,194,4/20/1993,Kentucky Wesleyan,WR,Keelan Cole
45571,2-Jun,196,1/6/1995,Brigham Young,CB,Michael Davis
45573,10-May,200,5/17/1995,"Western State, Colo.",RB,Austin Ekeler
45630,7-Jun,317,5/16/1994,Toledo,T,Storm Norton
45635,5-Jun,237,4/30/1994,Indiana State,TE,Robert Tonyan
45643,Jun-00,237,5/19/1994,Missouri State,MLB,Dylan Cole
45695,6-Jun,309,8/19/1994,Eastern Michigan,G,Andrew Wylie
45719,10-May,205,5/4/1994,Wisconsin,RB,Dare Ogunbowale
45721,9-Jun,325,9/20/1994,Arkansas,T,Dan Skipper
45785,6-Jun,220,3/15/1995,Wisconsin-Platteville,TE,Dan Arnold
45798,5-Jun,307,8/28/1994,Maryland,G,Michael Dunn
45900,Jun-00,200,11/1/1994,Washington State,WR,River Cracraft
46070,1-Jun,215,4/14/1995,Oklahoma,QB,Baker Mayfield
46071,11-May,233,2/9/1997,Penn State,RB,Saquon Barkley
46073,11-May,191,4/28/1997,Ohio State,CB,Denzel Ward
46074,4-Jun,275,6/24/1996,North Carolina State,OLB,Bradley Chubb
46075,5-Jun,330,3/19/1996,Notre Dame,G,Quenton Nelson
46076,5-Jun,237,5/21/1996,Wyoming,QB,Josh Allen
46077,Jun-00,230,4/8/1997,Georgia,MLB,Roquan Smith
46078,8-Jun,315,1/12/1995,Notre Dame,T,Mike McGlinchey
46080,1-Jun,207,11/17/1996,Alabama,FS,Minkah Fitzpatrick
46081,4-Jun,347,2/5/1995,Washington,DT,Vita Vea
46082,3-Jun,320,5/27/1997,Alabama,DT,Daron Payne
46083,6-Jun,265,9/4/1996,Texas-San Antonio,DE,Marcus Davenport
46084,8-Jun,325,10/9/1995,UCLA,T,Kolton Miller
46085,5-Jun,250,5/2/1998,Virginia Tech,MLB,Tremaine Edmunds
46086,2-Jun,215,8/3/1996,Florida State,FS,Derwin James
46087,10-May,196,2/9/1997,Louisville,CB,Jaire Alexander
46088,4-Jun,256,2/8/1996,Boise State,OLB,Leighton Vander Esch
46089,5-Jun,311,5/17/1996,Arkansas,C,Frank Ragnow
46090,4-Jun,312,10/11/1994,Ohio State,C,Billy Price
46091,2-Jun,234,11/8/1995,Alabama,MLB,Rashaan Evans
46092,2-Jun,310,12/9/1995,Georgia,T,Isaiah Wynn
46093,11-May,215,4/14/1997,Maryland,WR,D.J. Moore
46094,4-Jun,245,8/24/1993,South Carolina,TE,Hayden Hurst
46096,11-May,220,2/2/1996,San Diego State,RB,Rashaad Penny
46097,1-Jun,217,1/20/1997,Virginia Tech,SS,Terrell Edmunds
46098,4-Jun,291,3/11/1996,Florida,DT,Taven Bryan
46099,10-May,191,2/11/1997,Central Florida,CB,Mike Hughes
46100,11-May,215,2/17/1995,Georgia,RB,Sony Michel
46101,2-Jun,212,1/7/1997,Louisville,QB,Lamar Jackson
46102,4-Jun,305,9/5/1995,Nevada,G,Austin Corbett
46103,2-Jun,327,9/2/1995,Texas-El Paso,G,Will Hernandez
46104,11-May,225,12/27/1995,Georgia,RB,Nick Chubb
46105,2-Jun,230,7/27/1995,South Carolina State,MLB,Shaquille Leonard
46106,6-Jun,315,3/25/1996,Auburn,T,Braden Smith
46108,3-Jun,305,9/13/1997,Iowa,G,James Daniels
46109,4-Jun,216,10/10/1995,Southern Methodist,WR,Courtland Sutton
46111,6-Jun,252,10/3/1995,Penn State,TE,Mike Gesicki
46113,1-Jun,195,10/23/1995,Washington,WR,Dante Pettis
46114,Jun-00,196,4/3/1996,Iowa,CB,Josh Jackson
46116,11-May,200,11/18/1996,Texas A&amp;M,WR,Christian Kirk
46117,2-Jun,251,12/28/1996,Southern California,OLB,Uchenna Nwosu
46118,5-Jun,256,1/3/1995,South Dakota State,TE,Dallas Goedert
46119,5-Jun,298,5/12/1997,Texas,G,Connor Williams
46121,5-Jun,248,7/11/1995,Rutgers,DE,Kemoko Turay
46122,11-May,205,9/16/1995,North Carolina,SS,M.J. Stewart
46123,1-Jun,200,2/26/1997,Wake Forest,FS,Jessie Bates
46124,10-May,180,11/8/1995,Louisiana State,CB,Donte Jackson
46127,Jun-00,210,9/30/1996,Colorado,CB,Isaiah Oliver
46130,4-Jun,198,9/23/1996,Louisiana State,WR,D.J. Chark
46131,7-Jun,297,9/15/1995,Pittsburgh,T,Brian O'Neill
46132,1-Jun,206,12/31/1996,Auburn,CB,Carlton Davis
46133,3-Jun,277,1/30/1995,Ohio State,DE,Tyquan Lewis
46135,5-Jun,250,12/10/1995,Georgia,OLB,Lorenzo Carter
46137,1-Jun,204,2/15/1997,Stanford,SS,Justin Reid
46138,3-Jun,311,4/20/1995,North Carolina State,DT,B.J. Hill
46139,3-Jun,236,11/19/1996,Brigham Young,MLB,Fred Warner
46141,4-Jun,315,10/9/1993,Fort Hays State,DT,Nathan Shepherd
46142,2-Jun,225,12/25/1996,Ohio State,MLB,Jerome Baker
46143,6-Jun,315,9/10/1996,Louisville,T,Geron Christian
46144,1-Jun,310,5/9/1996,Florida State,DT,Derrick Nnadi
46146,5-Jun,265,6/29/1995,Ohio State,DE,Sam Hubbard
46148,4-Jun,279,5/15/1997,Southern California,DE,Rasheem Green
46150,1-Jun,200,3/4/1996,Colorado State,WR,Michael Gallup
46151,1-Jun,210,2/1/1995,Louisiana-Lafayette,FS,Tracy Walker
46152,8-Jun,345,5/2/1996,Oklahoma,T,Orlando Brown
46153,3-Jun,309,8/28/1996,North Carolina State,DT,Justin Jones
46155,5-Jun,255,9/6/1995,Oklahoma,TE,Mark Andrews
46156,5-Jun,240,5/3/1996,Louisiana State,OLB,Arden Key
46157,3-Jun,233,3/21/1995,Vanderbilt,OLB,Oren Burks
46158,5-Jun,321,6/19/1995,Texas Christian,T,Joseph Noteboom
46159,1-Jun,305,7/22/1994,South Florida,DT,Deadrin Senat
46160,2-Jun,210,1/7/1996,Central Florida,WR,Tre'Quan Smith
46161,6-Jun,320,8/8/1997,Western Michigan,T,Chukwuma Okorafor
46162,3-Jun,214,4/18/1997,Alabama,SS,Ronnie Harrison
46163,6-Jun,305,1/27/1995,Humboldt State,G,Alex Cappa
46164,2-Jun,200,8/16/1996,Southern Mississippi,SS,Tarvarius Moore
46165,3-Jun,307,1/25/1996,Stanford,DT,Harrison Phillips
46166,5-Jun,292,3/28/1996,Michigan,C,Mason Cole
46167,4-Jun,243,4/19/1992,Central Florida,TE,Jordan Akins
46168,1-Jun,190,2/20/1996,Boston College,CB,Isaac Yiadom
46170,3-Jun,260,6/6/1996,Indiana,TE,Ian Thomas
46173,9-May,198,11/12/1996,North Carolina State,RB,Nyheim Hines
46175,1-Jun,236,12/25/1994,Iowa,MLB,Josey Jewell
46180,2-Jun,302,10/11/1995,Michigan State,C,Brian Allen
46183,3-Jun,297,11/14/1995,Alabama,DE,Da'Shawn Hand
46185,4-Jun,255,6/10/1997,Kansas,DE,Dorance Armstrong
46186,10-May,198,3/18/1997,Pittsburgh,SS,Jordan Whitehead
46187,11-May,178,11/30/1994,Alabama,CB,Anthony Averett
46188,2-Jun,216,3/24/1996,West Virginia,MLB,Kyzir White
46189,4-Jun,267,7/8/1996,Washington,TE,Will Dissly
46190,11-May,192,7/27/1996,Weber State,CB,Taron Johnson
46192,6-Jun,260,8/9/1995,Notre Dame,TE,Durham Smythe
46194,9-May,184,3/31/1996,Pittsburgh,CB,Avonte Maddox
46197,2-Jun,287,5/8/1996,North Carolina State,DT,Kentavius Street
46199,5-Jun,253,3/29/1997,Florida State,DE,Josh Sweat
46203,9-May,210,4/13/1996,Fordham,RB,Chase Edmonds
46204,4-Jun,288,9/26/1996,Stephen F. Austin,DE,John Franklin-Myers
46205,2-Jun,235,12/16/1993,Mississippi,OLB,Marquis Haynes
46206,5-Jun,242,7/11/1996,Stanford,TE,Dalton Schultz
46211,9-May,188,11/11/1996,Kansas State,CB,D.J. Reed
46212,2-Jun,255,8/24/1996,Purdue,MLB,Ja'Whaun Bentley
46213,3-Jun,215,4/4/1996,Pennsylvania,WR,Justin Watson
46214,3-Jun,313,9/14/1996,Delaware,DT,Bilal Nichols
46215,3-Jun,203,6/2/1995,Oklahoma State,CB,Tre Flowers
46219,Jun-00,250,4/26/1995,Memphis,DE,Genard Avery
46223,Jun-00,205,8/4/1994,Jacksonville State,CB,Siran Neal
46224,3-Jun,310,3/23/1995,UCLA,C,Scott Quessenberry
46226,3-Jun,254,7/30/1995,Central Michigan,TE,Tyler Conklin
46229,1-Jun,253,4/24/1995,Oklahoma,DE,Ogbonnia Okoronkwo
46232,3-Jun,308,7/11/1997,Virginia Tech,DT,Tim Settle
46235,4-Jun,315,11/21/1994,Virginia Tech,G,Wyatt Teller
46238,1-Jun,217,7/18/1994,Mississippi,RB,Jordan Wilkins
46243,4-Jun,207,10/10/1994,South Florida,WR,Marquez Valdes-Scantling
46249,4-Jun,318,3/4/1995,Connecticut,DT,Folorunso Fatukasi
46253,Jun-00,208,6/9/1994,Florida,OLB,Marcell Harris
46255,2-Jun,242,12/11/1995,Temple,DE,Jake Martin
46256,9-May,190,10/15/1996,Clemson,WR,Ray-Ray McCloud
46259,1-Jun,210,4/21/1997,Texas,FS,DeShon Elliott
46263,Jun-00,184,1/22/1996,Louisiana State,WR,Russell Gage
46264,4-Jun,310,3/21/1995,Rutgers,DT,Sebastian Joseph
46269,2-Jun,215,8/2/1995,Yale,MLB,Foyesade Oluokun
46270,6-May,203,4/27/1995,Louisiana Tech,RB,Boston Scott
46275,7-Jun,332,12/16/1994,Texas Christian,T,Matt Pryor
46276,5-Jun,214,9/30/1996,Notre Dame,WR,Equanimeous St. Brown
46277,5-Jun,188,3/10/1995,Boise State,WR,Cedrick Wilson
46278,Jun-00,185,9/22/1995,Southern Mississippi,CB,Cornell Armstrong
46279,9-May,190,10/6/1995,Miami,WR,Braxton Berrios
46282,5-Jun,331,6/23/1995,Appalachian State,G,Colby Gossett
46284,5-Jun,317,11/24/1994,Alabama,C,Bradley Bozeman
46290,Jun-00,229,12/12/1995,Houston,OLB,Matthew Adams
46293,2-Jun,221,9/11/1994,Georgia,WR,Javon Wims
46302,8-Jun,344,3/31/1997,No College,T,Jordan Mailata
46304,Jun-00,236,7/2/1996,Syracuse,OLB,Zaire Franklin
46307,6-Jun,290,9/7/1995,Ferris State,DT,Zach Sieler
46309,9-May,185,9/5/1995,Middle Tennessee,WR,Richie James
46312,10-May,185,4/17/1996,Western Carolina,CB,Keion Crossen
46314,5-Jun,311,12/10/1995,Louisiana State,C,Will Clapp
46320,Jun-00,200,4/22/1996,Northwestern,RB,Justin Jackson
46329,9-May,190,11/17/1995,Southern U.,CB,Danny Johnson
46331,5-Jun,240,1/26/1995,San Diego,TE,Ross Dwelley
46338,3-Jun,316,10/23/1994,San Jose State,G,Jeremiah Kolone
46349,1-Jun,202,11/3/1993,Central Arkansas,FS,George Odum
46354,11-May,184,3/25/1996,Tennessee,CB,Emmanuel Moseley
46362,5-Jun,214,1/6/1996,Alabama,WR,Cam Sims
46367,8-May,190,7/24/1994,Colorado,RB,Phillip Lindsay
46376,5-Jun,285,7/28/1995,Washington,G,Coleman Shelton
46377,Jun-00,194,11/16/1995,North Texas,RB,Jeffery Wilson
46378,Jun-00,202,1/18/1996,Mississippi State,SS,J.T. Gray
46387,3-Jun,295,5/23/1995,Tennessee,DT,Kendal Vickers
46404,2-Jun,295,9/1/1994,Alabama,C,J.C. Hassenauer
46407,10-May,190,1/31/1996,South Carolina,CB,Chris Lammons
46437,1-Jun,238,4/13/1995,Rutgers,RB,Gus Edwards
46446,4-Jun,250,4/26/1995,Youngstown State,TE,Kevin Rader
46456,9-May,187,3/15/1993,Alabama-Birmingham,CB,Darious Williams
46457,1-Jun,248,9/12/1997,Toledo,OLB,Olasunkanmi Adeniyi
46461,10-May,205,7/30/1995,Cincinnati,RB,Mike Boone
46487,11-May,310,11/19/1995,Texas,DE,Poona Ford
46501,11-May,193,8/24/1995,Northern Iowa,CB,Elijah Campbell
46504,3-Jun,300,1/13/1994,Washington State,DT,Daniel Ekuale
46506,11-May,202,2/26/1995,Tulane,RB,Dontrell Hilliard
46521,2-Jun,233,7/27/1995,Iowa,MLB,Ben Niemann
46522,1-Jun,205,11/17/1993,Kansas State,WR,Byron Pringle
46526,11-May,224,4/15/1995,Louisiana State,RB,Darrel Williams
46527,3-Jun,235,9/19/1996,Washington State,MLB,Frankie Luvu
46542,3-Jun,210,12/26/1994,Temple,WR,Keith Kirkwood
46543,4-Jun,280,9/19/1995,Oregon,DT,Henry Mondeaux
46618,2-Jun,305,8/18/1995,South Carolina,DT,Taylor Stallworth
46629,5-Jun,307,11/27/1995,Nebraska,C,Nick Gates
46630,10-May,185,2/2/1996,Utah State,CB,Jalen Davis
46649,11-May,205,8/29/1996,South Alabama,FS,Jeremy Reaves
46652,11-May,189,8/7/1996,Georgia State,CB,Chandon Sullivan
46657,Jun-00,232,8/9/1994,Sioux Falls,OLB,Dennis Gardeck
46669,11-May,210,7/22/1995,Missouri Western,FS,Jonathan Owens
46671,1-Jun,219,2/26/1996,Vanderbilt,WR,Trent Sherfield
46672,10-May,205,3/11/1996,Ferris State,CB,Tavierre Thomas
46674,2-Jun,214,6/9/1996,Washington,MLB,Ezekiel Turner
46679,2-Jun,302,9/16/1996,Southern Methodist,C,Evan Brown
46680,10-May,205,4/27/1996,Temple,SS,Sean Chandler
46686,9-May,190,1/6/1996,Penn State,CB,Grant Haley
46698,Jun-00,179,6/12/1995,Alabama,CB,Levi Wallace
46699,1-Jun,193,2/20/1995,Miami,CB,Dee Delaney
46700,11-May,185,3/5/1996,Vanderbilt,CB,Tre Herndon
46705,5-Jun,227,12/11/1995,Iowa State,WR,Allen Lazard
46706,5-Jun,311,4/18/1996,Miami,T,KC McDermott
46711,3-Jun,200,12/24/1995,Southern Illinois,SS,Ryan Neal
46729,2-Jun,197,9/8/1994,Virginia Tech,CB,Brandon Facyson
46755,5-Jun,320,1/25/1994,Grambling,T,Trenton Scott
46757,1-Jun,195,5/16/1996,Middle Tennessee,CB,Charvarius Ward
46771,3-Jun,295,1/24/1996,Bucknell,DE,Abdullah Anderson
46775,1-Jun,198,11/17/1995,Maryland,CB,J.C. Jackson
46796,4-Jun,272,12/30/1995,Buffalo,DE,Demone Harris
46797,5-Jun,239,11/12/1994,Southern Arkansas,TE,Tanner Hudson
46823,Jun-00,196,8/4/1995,Southeast Missouri,CB,Mike Ford
46830,8-May,189,9/12/1995,Florida,WR,Brandon Powell
46841,5-Jun,290,11/9/1995,UCLA,DT,Matt Dickerson
46846,Jun-00,203,8/28/1995,Nebraska,FS,Joshua Kalu
46902,1-Jun,229,12/14/1995,Western Michigan,MLB,Robert Spillane
46958,2-Jun,230,7/23/1995,North Dakota State,MLB,Chris Board
46992,2-Jun,205,1/3/1995,Prairie View,WR,KhaDarel Hodge
46998,2-Jun,200,1/30/1996,Illinois,WR,Malik Turner
47605,10-May,208,2/27/1996,South Florida,RB,D'Ernest Johnson
47749,3-Jun,255,12/15/1994,Tennessee,FB,Jakob Johnson
47784,10-May,207,8/7/1997,Oklahoma,QB,Kyler Murray
47785,4-Jun,266,10/23/1997,Ohio State,DE,Nick Bosa
47786,3-Jun,303,12/21/1997,Alabama,DT,Quinnen Williams
47787,4-Jun,265,5/17/1997,Clemson,DE,Clelin Ferrell
47788,Jun-00,237,2/17/1998,Louisiana State,MLB,Devin White
47789,5-Jun,220,5/27/1997,Duke,QB,Daniel Jones
47790,5-Jun,262,7/13/1997,Kentucky,OLB,Josh Allen
47791,5-Jun,248,7/3/1997,Iowa,TE,T.J. Hockenson
47792,1-Jun,287,12/12/1997,Houston,DT,Ed Oliver
47793,11-May,233,7/18/1998,Michigan,MLB,Devin Bush
47794,4-Jun,305,11/17/1997,Alabama,T,Jonah Williams
47795,5-Jun,277,12/3/1997,Michigan,OLB,Rashan Gary
47796,4-Jun,315,12/20/1995,Clemson,DT,Christian Wilkins
47797,4-Jun,307,2/8/1997,Boston College,G,Chris Lindstrom
47799,5-Jun,250,4/23/1998,Florida State,OLB,Brian Burns
47800,4-Jun,342,11/12/1997,Clemson,DT,Dexter Lawrence
47801,3-Jun,305,6/20/1995,North Carolina State,C,Garrett Bradbury
47802,4-Jun,300,7/28/1997,Mississippi State,DT,Jeffery Simmons
47803,4-Jun,249,11/20/1997,Iowa,TE,Noah Fant
47804,11-May,200,7/30/1997,Maryland,SS,Darnell Savage
47805,5-Jun,315,10/3/1995,Washington State,T,Andre Dillard
47806,5-Jun,322,5/23/1996,Alabama State,T,Tytus Howard
47807,10-May,220,2/11/1998,Alabama,RB,Josh Jacobs
47808,9-May,170,6/4/1997,Oklahoma,WR,Marquise Brown
47809,6-Jun,262,9/4/1996,Mississippi State,DE,Montez Sweat
47810,Jun-00,205,10/25/1996,Mississippi State,SS,Johnathan Abram
47811,6-Jun,295,10/8/1996,Notre Dame,DT,Jerry Tillery
47812,2-Jun,291,9/12/1995,Texas Christian,DE,L.J. Collier
47814,6-Jun,306,2/22/1995,Washington,T,Kaleb McGary
47815,4-Jun,225,12/17/1997,Arizona State,WR,N'Keal Harry
47816,11-May,190,1/18/1998,Washington,CB,Byron Murphy
47817,Jun-00,190,5/23/1996,Temple,CB,Rock Ya-Sin
47818,5-Jun,312,11/25/1997,Florida,T,Jawaan Taylor
47819,11-May,214,1/15/1996,South Carolina,WR,Deebo Samuel
47820,5-Jun,310,11/4/1997,Mississippi,T,Greg Little
47821,3-Jun,329,12/28/1996,Oklahoma,G,Cody Ford
47822,Jun-00,195,6/19/1997,Central Michigan,CB,Sean Murphy-Bunting
47823,2-Jun,200,9/20/1997,Clemson,CB,Trayvon Mullen
47824,5-Jun,312,7/13/1995,Kansas State,G,Dalton Risner
47826,2-Jun,250,9/28/1996,Hawaii,MLB,Jahlani Tavai
47827,5-Jun,310,12/26/1995,Mississippi State,G,Elgton Jenkins
47829,2-Jun,184,12/3/1997,Louisiana State,CB,Greedy Williams
47830,2-Jun,195,7/18/1997,Utah,FS,Marquise Blair
47831,4-Jun,315,8/27/1997,Texas A&amp;M,C,Erik McCoy
47832,3-Jun,252,1/19/1996,Texas Christian,DE,Ben Banogu
47833,2-Jun,240,8/9/1998,Alabama,TE,Irv Smith
47834,Jun-00,226,6/30/1997,Mississippi,WR,A.J. Brown
47835,4-Jun,259,4/16/1996,Washington,TE,Drew Sample
47836,11-May,211,5/1/1997,Penn State,RB,Miles Sanders
47837,2-Jun,213,11/4/1995,Kentucky,CB,Lonnie Johnson
47838,6-Jun,325,8/10/1996,Northern Illinois,G,Max Scharping
47839,10-May,187,3/12/1998,Georgia,WR,Mecole Hardman
47841,3-Jun,308,3/25/1998,Central Florida,DT,Trysten Hill
47842,Jun-00,205,7/16/1997,Ohio State,WR,Parris Campbell
47843,Jun-00,206,5/31/1997,Delaware,FS,Nasir Adderley
47844,Jun-00,208,12/22/1997,Washington,FS,Taylor Rapp
47845,9-May,190,11/18/1996,Massachusetts,WR,Andy Isabella
47846,Jun-00,205,10/19/1995,Virginia,FS,Juan Thornhill
47847,4-Jun,230,12/14/1997,Mississippi,WR,DK Metcalf
47848,4-Jun,281,8/20/1997,Boston College,DE,Zach Allen
47849,10-May,181,7/5/1996,Toledo,WR,Diontae Johnson
47852,5-Jun,250,3/21/1997,San Jose State,TE,Josh Oliver
47853,8-May,200,8/19/1997,Memphis,RB,Darrell Henderson
47854,3-Jun,281,1/5/1997,Ohio State,DE,Dre'Mont Jones
47855,2-Jun,245,5/21/1996,North Carolina State,OLB,Germaine Pratt
47856,10-May,222,6/7/1997,Iowa State,RB,David Montgomery
47857,7-May,203,9/3/1997,Florida Atlantic,RB,Devin Singletary
47859,Jun-00,210,9/15/1995,Ohio State,WR,Terry McLaurin
47860,3-Jun,251,4/19/1995,Michigan,DE,Chase Winovich
47862,11-May,196,2/6/1998,Michigan,CB,David Long
47863,1-Jun,238,6/8/1995,Brigham Young,OLB,Sione Takitaki
47864,1-Jun,207,12/19/1995,Boston College,SS,Will Harris
47865,3-Jun,316,9/23/1996,North Carolina-Charlotte,G,Nate Davis
47866,2-Jun,192,1/12/1998,Michigan State,CB,Justin Layne
47867,Jun-00,324,8/9/1996,Western Illinois,DT,Khalen Saunders
47870,11-May,215,2/11/1997,Alabama,RB,Damien Harris
47871,2-Jun,237,11/13/1996,Utah,MLB,Cody Barton
47872,1-Jun,234,7/29/1996,Stanford,MLB,Bobby Okereke
47873,5-Jun,308,11/3/1997,Penn State,G,Connor McGovern
47874,6-Jun,307,9/5/1996,Sioux Falls,T,Trey Pipkins
47876,4-Jun,220,10/12/1996,Notre Dame,WR,Miles Boykin
47877,1-Jun,206,10/15/1996,Auburn,CB,Jamel Dean
47878,4-Jun,250,12/7/1996,Old Dominion,OLB,Oshane Ximines
47879,4-Jun,254,11/14/1996,Mississippi,TE,Dawson Knox
47880,4-Jun,312,3/24/1997,Oklahoma,G,Bobby Evans
47881,11-May,226,8/28/1996,Murray State,OLB,Quincy Williams
47882,10-May,200,5/18/1996,Kentucky,FS,Mike Edwards
47884,5-Jun,310,2/21/1996,West Virginia,T,Yodny Cajuste
47885,11-May,220,6/19/1998,Boise State,RB,Alexander Mattison
47888,11-May,208,12/20/1997,Florida,SS,Chauncey Gardner-Johnson
47889,5-Jun,255,8/22/1997,Eastern Michigan,DE,Maxx Crosby
47890,7-Jun,272,3/4/1997,Iowa,OLB,Anthony Nelson
47891,11-May,193,3/19/1998,Notre Dame,SS,Julian Love
47896,10-May,200,11/14/1997,Oklahoma State,RB,Justice Hill
47899,11-May,210,6/14/1998,Iowa,FS,Amani Hooker
47900,6-Jun,261,11/12/1996,Clemson,OLB,Austin Bryant
47901,5-Jun,310,8/20/1996,Arkansas,C,Hjalte Froholdt
47904,3-Jun,267,9/12/1995,West Virginia,TE,Trevon Wesco
47906,4-Jun,310,10/29/1996,Oklahoma,G,Ben Powers
47907,4-Jun,322,10/19/1995,Wake Forest,G,Phil Haynes
47911,Jun-00,209,4/30/1997,Memphis,RB,Tony Pollard
47913,2-Jun,234,8/15/1995,Notre Dame,MLB,Drue Tranquill
47915,9-May,201,5/16/1997,Oregon,FS,Ugochukwu Amadi
47916,3-Jun,214,8/8/1996,Auburn,QB,Jarrett Stidham
47917,1-Jun,312,5/6/1996,Washington,DT,Greg Gaines
47918,5-Jun,285,11/22/1995,"Charleston, W. Va.",DT,John Cominsky
47920,4-Jun,250,5/6/1997,Louisiana State,TE,Foster Moreau
47922,1-Jun,196,2/11/1997,Alabama,SS,Deionte Thompson
47924,8-Jun,265,9/10/1996,Michigan,TE,Zach Gentry
47929,2-Jun,203,2/9/1996,Penn State,CB,Amani Oruwariye
47931,Jun-00,225,5/25/1997,Arkansas,MLB,Dre Greenlaw
47932,10-May,185,12/21/1995,Clemson,WR,Hunter Renfrow
47934,4-Jun,242,7/1/1995,Wisconsin,OLB,Andrew Van Ginkel
47938,1-Jun,240,2/14/1998,Alabama,OLB,Mack Wilson
47939,5-Jun,248,1/15/1996,Oregon,OLB,Justin Hollins
47940,1-Jun,235,5/10/1996,Minnesota,MLB,Blake Cashman
47941,1-Jun,210,1/10/1997,Miami,CB,Michael Jackson
47942,3-Jun,300,5/20/1996,Maryland,DT,Byron Cowart
47944,5-Jun,280,8/20/1997,Texas,DE,Charles Omenihu
47947,4-Jun,230,6/1/1995,Tarleton State,OLB,E.J. Speed
47952,6-Jun,308,3/20/1997,Wisconsin,G,David Edwards
47954,1-Jun,190,1/12/1997,Auburn,WR,Darius Slayton
47956,1-Jun,240,7/30/1996,North Carolina,MLB,Cole Holcomb
47961,1-Jun,225,5/16/1996,Washington State,QB,Gardner Minshew
47964,10-May,190,11/13/1995,Miami,FS,Jaquan Johnson
47969,10-May,210,9/17/1997,Maryland,RB,Ty Johnson
47970,3-Jun,215,9/4/1996,Colorado,WR,Juwann Winfree
47971,11-May,224,10/12/1996,West Virginia,MLB,David Long
47973,5-Jun,295,7/22/1996,Arkansas,DT,Armon Watts
47974,Jun-00,191,1/27/1996,Wyoming,SS,Marcus Epps
47975,3-Jun,295,8/24/1996,Alabama,DT,Isaiah Buggs
47976,5-Jun,323,2/14/1997,Elon,G,Olisaemeka Udoh
47980,Jun-00,202,8/23/1995,Penn State,QB,Trace McSorley
47984,11-May,188,2/17/1997,South Carolina,CB,Rashad Fenton
47987,10-May,202,8/7/1998,Miami,RB,Travis Homer
47991,11-May,174,7/31/1997,Bowling Green,WR,Scott Miller
47995,6-Jun,324,8/7/1996,South Carolina,T,Dennis Daley
47996,Jun-00,204,2/21/1995,Texas A&amp;M,SS,Donovan Wilson
47999,4-Jun,320,4/21/1996,Illinois,G,Nick Allegretti
48000,11-May,201,9/12/1996,Texas,CB,Kris Boyd
48008,6-Jun,253,4/4/1997,North Carolina A&amp;T,OLB,Darryl Johnson
48011,5-Jun,251,7/1/1995,Boston College,TE,Tommy Sweeney
48013,4-Jun,253,5/9/1996,Prairie View,OLB,Quinton Bell
48017,10-May,200,2/15/1997,Washington,RB,Myles Gaskin
48023,7-Jun,302,8/8/1995,Utah,T,Jackson Barton
48026,11-May,200,5/17/1995,Penn State,SS,Nick Scott
48027,3-Jun,240,6/10/1995,Idaho,OLB,Kaden Elliss
48032,3-Jun,284,5/5/1996,Temple,DE,Michael Dogbe
48051,10-May,176,3/31/1997,Kansas,WR,Steven Sims
48085,7-Jun,326,6/5/1997,Florida,T,Fred Johnson
48089,2-Jun,235,8/5/1996,Nevada,OLB,Malik Reed
48090,2-Jun,200,7/9/1996,Boise State,QB,Brett Rypien
48094,5-Jun,300,3/25/1996,Texas,T,Calvin Anderson
48096,3-Jun,255,5/15/1996,Texas,TE,Andrew Beck
48097,2-Jun,200,11/9/1996,North Carolina State,WR,Jakobi Meyers
48117,2-Jun,209,9/4/1996,Arizona,OLB,Demetrius Flannigan-Fowles
48118,1-Jun,215,5/15/1997,Malone,WR,Ashton Dulin
48119,8-May,180,7/5/1996,Georgia State,WR,Penny Hart
48123,1-Jun,285,3/1/1997,Penn State,DT,Kevin Givens
48145,3-Jun,255,10/24/1996,Boston College,DE,Wyatt Ray
48158,5-Jun,314,9/8/1995,Notre Dame,G,Alex Bars
48159,2-Jun,311,8/13/1996,Notre Dame,C,Sam Mustipher
48170,5-Jun,295,8/4/1996,Lindenwood,DE,Jonathan Harris
48181,7-Jun,314,1/2/1996,Virginia Tech,T,Yosuah Nijman
48198,3-Jun,366,10/20/1995,Michigan,DT,Bryan Mone
48207,Jun-00,233,7/1/1996,Vanderbilt,FB,Khari Blasingame
48220,4-Jun,308,8/13/1997,California,G,Patrick Mekari
48225,4-Jun,335,2/20/1996,Alabama,G,Lester Cotton
48226,3-Jun,245,4/12/1995,Azusa Pacific,LS,Matt Orzech
48233,1-Jun,242,7/9/1996,Wisconsin,FB,Alec Ingold
48235,4-Jun,300,5/2/1997,UCLA,C,Andre James
48241,10-May,200,6/22/1997,South Carolina,CB,Keisean Nixon
48259,2-Jun,238,1/17/1996,Middle Tennessee,MLB,Darius Harris
48268,2-Jun,228,8/4/1997,Florida Atlantic,MLB,Azeez Al-Shaair
48301,5-Jun,288,8/4/1997,North Carolina,DT,Jalen Dalton
48308,4-Jun,265,3/19/1996,Tennessee,DE,Jonathan Kongbo
48318,Jun-00,225,10/2/1996,Nebraska,RB,Devine Ozigbo
48374,8-May,193,7/23/1997,Virginia,WR,Olamide Zaccheaus
48415,6-May,170,12/4/1997,Assumption,WR,Deonte Harty
48447,10-May,202,2/12/1997,Texas,FS,P.J. Locke
48454,11-May,195,12/15/1995,Mississippi,FS,C.J. Moore
48455,7-Jun,299,12/19/1995,Iowa,T,Matt Nelson
48456,8-Jun,237,8/16/1997,Stetson University,TE,Donald Parham
48458,3-Jun,240,11/24/1996,"Wayne State, Mich.",OLB,Anthony Pittman
48462,4-Jun,285,8/5/1996,Texas-San Antonio,DE,Kevin Strong
48471,2-Jun,207,12/10/1995,Stanford,WR,Trenton Irwin
48473,4-Jun,280,9/12/1997,Georgia,DE,Jonathan Ledbetter
48475,5-Jun,255,10/6/1995,Temple,TE,Chris Myarick
48476,Jun-00,193,11/4/1996,Texas-El Paso,CB,Nik Needham
48482,Jun-00,237,6/25/1998,Texas A&amp;M,MLB,Tyrel Dodson
48485,5-Jun,310,1/11/1996,Northwestern,G,Blake Hance
48487,9-May,185,4/13/1997,Buffalo,CB,Cameron Lewis
48489,3-Jun,210,5/29/1996,West Virginia,WR,David Sills
48495,9-May,188,8/19/1997,Appalachian State,CB,Tae Hayes
48500,1-Jun,200,11/5/1997,Alabama,CB,Saivion Smith
48508,Jun-00,209,12/5/1996,Wyoming,FS,Andrew Wingard
48512,4-Jun,300,2/14/1997,Penn State,C,Ryan Bates
48513,4-Jun,334,7/10/1998,Stanford,G,Nate Herbig
48514,4-Jun,305,8/15/1996,Weber State,G,Iosua Opeta
48516,1-Jun,240,8/12/1996,Wisconsin,MLB,T.J. Edwards
48520,5-Jun,350,9/1/1996,Alabama-Birmingham,DT,Anthony Rush
48530,Jun-00,205,9/7/1996,Nebraska,WR,Stanley Morgan
48537,5-Jun,261,12/18/1996,Wyoming,DE,Carl Granderson
48541,4-Jun,225,4/19/1998,Texas,WR,Lil'Jordan Humphrey
48544,3-Jun,300,10/20/1995,Tennessee,DT,Shy Tuttle
48555,3-Jun,245,8/28/1995,Nebraska,OLB,Luke Gifford
48556,1-Jun,212,6/7/1997,North Texas,WR,Jalen Guyton
48566,3-Jun,279,1/16/1996,Kansas,DE,Daniel Wise
48576,3-Jun,215,6/23/1995,Findlay,WR,Jason Moore
48580,6-Jun,260,11/9/1995,Michigan State,TE,Matt Sokol
48581,Jun-00,205,5/12/1997,Tulane,SS,Roderic Teamer
48588,3-Jun,235,10/15/1996,California,MLB,Jordan Kunaszyk
48601,1-Jun,193,1/8/1996,Oklahoma State,WR,Tyron Johnson
48646,7-May,173,5/29/1998,Wake Forest,WR,Greg Dortch
48657,1-Jun,195,4/21/1997,Boston College,WR,Jeff Smith
48669,1-Jun,299,3/19/1996,Chattanooga,DT,Isaiah Mack
48680,10-May,194,7/29/1996,Bryant,WR,Tom Kennedy
48683,6-Jun,230,12/7/1995,Valdosta State,TE,Joe Fortson
48700,3-Jun,237,2/27/1997,Princeton,TE,Jesper Horsted
48707,11-May,215,6/15/1996,Kutztown,RB,Craig Reynolds
48723,3-Jun,261,5/26/1995,Iowa,TE,Parker Hesse
48766,6-Jun,260,11/10/1995,Missouri,TE,Kendall Blanton
48770,2-Jun,285,5/9/1997,Cincinnati,DT,Marquise Copeland
48772,1-Jun,212,9/18/1995,Iowa,MLB,Jake Gervase
48780,3-Jun,245,9/13/1994,Delaware,MLB,Troy Reeder
48786,6-Jun,319,6/21/1997,Middle Tennessee,T,Chandler Brewer
48988,Jun-00,190,11/26/1996,Bemidji State,WR,Gunner Olszewski
49410,11-May,190,7/18/1998,Washington State,FS,Jalen Thompson
52272,Jun-00,170,NA,Tusculum,CB,Dee Alford
52409,4-Jun,216,12/10/1996,Louisiana State,QB,Joe Burrow
52411,1-Jun,200,2/2/1999,Ohio State,CB,Jeff Okudah
52412,5-Jun,326,1/22/1999,Georgia,T,Andrew Thomas
52413,1-Jun,218,3/2/1998,Alabama,QB,Tua Tagovailoa
52414,6-Jun,237,3/10/1998,Oregon,QB,Justin Herbert
52415,5-Jun,318,4/15/1998,Auburn,DE,Derrick Brown
52416,3-Jun,225,7/26/1998,Clemson,MLB,Isaiah Simmons
52417,1-Jun,191,9/30/1998,Florida,CB,C.J. Henderson
52418,5-Jun,320,5/17/1999,Alabama,T,Jedrick Wills
52421,5-Jun,322,1/24/1999,Iowa,T,Tristan Wirfs
52422,6-Jun,310,10/3/1997,South Carolina,DT,Javon Kinlaw
52423,1-Jun,192,4/24/1999,Alabama,WR,Jerry Jeudy
52424,2-Jun,190,9/23/1998,Clemson,CB,A.J. Terrell
52425,2-Jun,189,4/8/1999,Oklahoma,WR,CeeDee Lamb
52426,6-Jun,310,8/11/1999,Southern California,T,Austin Jackson
52428,4-Jun,250,7/25/1999,Louisiana State,OLB,K'Lavon Chaisson
52429,11-May,195,1/2/1999,Texas Christian,WR,Jalen Reagor
52430,3-Jun,192,NA,Louisiana State,WR,Justin Jefferson
52431,3-Jun,234,11/16/1998,Oklahoma,MLB,Kenneth Murray
52432,3-Jun,319,6/14/1999,Michigan,G,Cesar Ruiz
52433,1-Jun,206,3/17/1998,Arizona State,WR,Brandon Aiyuk
52434,4-Jun,220,11/2/1998,Utah State,QB,Jordan Love
52435,1-Jun,245,10/21/1997,Texas Tech,MLB,Jordyn Brooks
52436,1-Jun,227,8/13/1999,Louisiana State,MLB,Patrick Queen
52438,11-May,196,11/27/1999,Auburn,CB,Noah Igbinoghene
52440,8-May,209,4/11/1999,Louisiana State,RB,Clyde Edwards-Helaire
52441,4-Jun,210,1/18/1999,Clemson,WR,Tee Higgins
52442,4-Jun,220,10/5/1997,Southern California,WR,Michael Pittman
52443,10-May,211,1/14/1999,Georgia,RB,D'Andre Swift
52444,1-Jun,197,8/8/1998,Alabama,FS,Xavier McKinney
52445,2-Jun,216,3/22/1996,Lenoir-Rhyne,FS,Kyle Dugger
52446,5-Jun,264,2/26/1998,Penn State,OLB,Yetur Gross-Matos
52447,5-Jun,322,8/25/1996,Louisiana-Lafayette,G,Robert Hunt
52448,4-Jun,305,7/9/1998,Texas Christian,DT,Ross Blacklock
52449,11-May,221,1/19/1999,Wisconsin,RB,Jonathan Taylor
52450,2-Jun,220,10/5/1998,Colorado,WR,Laviska Shenault
52451,6-Jun,258,3/10/1999,Notre Dame,TE,Cole Kmet
52452,3-Jun,203,9/20/1998,Louisiana State,SS,Grant Delpit
52453,9-May,205,8/16/1998,Minnesota,FS,Antoine Winfield
52454,9-May,176,7/8/1999,Penn State,WR,K.J. Hamler
52456,3-Jun,253,3/24/1997,Tennessee,OLB,Darrell Taylor
52457,4-Jun,227,7/7/1998,Notre Dame,WR,Chase Claypool
52458,Jun-00,195,4/19/1999,Utah,CB,Jaylon Johnson
52459,2-Jun,207,NA,Alabama,CB,Trevon Diggs
52460,11-May,212,6/22/1999,Florida State,RB,Cam Akers
52461,2-Jun,218,8/7/1998,Oklahoma,QB,Jalen Hurts
52462,5-Jun,280,9/15/1998,Iowa,DE,A.J. Epenesa
52463,10-May,214,12/17/1998,Ohio State,RB,J.K. Dobbins
52464,7-Jun,310,NA,Alabama,DT,Raekwon Davis
52465,2-Jun,197,7/26/1996,Florida,WR,Van Jefferson
52466,6-Jun,310,5/8/1998,Boise State,G,Ezra Cleveland
52467,3-Jun,208,10/10/1997,Baylor,WR,Denzel Mims
52468,2-Jun,250,9/18/1998,Michigan,OLB,Josh Uche
52469,Jun-00,200,9/3/1998,Louisiana State,CB,Kristian Fulton
52470,1-Jun,250,5/2/1998,Boston College,RB,A.J. Dillon
52471,2-Jun,235,2/15/1998,Mississippi State,OLB,Willie Gay
52472,3-Jun,212,2/26/1998,Southern Illinois,FS,Jeremy Chinn
52473,2-Jun,250,7/8/1996,Wyoming,MLB,Logan Wilson
52474,2-Jun,221,6/23/1998,Memphis,RB,Antonio Gibson
52475,5-Jun,241,12/27/1997,Notre Dame,OLB,Julian Okwara
52476,1-Jun,200,10/10/1996,California,SS,Ashtyn Davis
52477,3-Jun,332,3/21/1997,Louisiana State,G,Damien Lewis
52478,Jun-00,205,4/2/1998,Texas,SS,Brandon Jones
52479,3-Jun,300,11/17/1997,Texas A&amp;M,DT,Justin Madubuike
52480,7-Jun,310,6/22/1997,Houston,G,Josh Jones
52481,4-Jun,310,2/1/1997,Ohio State,DT,Davon Hamilton
52482,3-Jun,235,12/30/1996,Wisconsin,OLB,Zack Baun
52483,4-Jun,305,2/5/1997,Ohio State,G,Jonah Jackson
52484,10-May,215,5/4/1997,Vanderbilt,RB,Ke'Shawn Vaughn
52485,1-Jun,200,9/12/1997,Iowa,CB,Michael Ojemudia
52486,4-Jun,290,11/17/1997,Temple,C,Matt Hennessy
52488,Jun-00,201,10/14/1997,Kentucky,WR,Lynn Bowden
52489,3-Jun,215,11/13/1998,South Carolina,WR,Bryan Edwards
52490,2-Jun,302,1/17/1997,Oklahoma,DT,Neville Gallimore
52491,4-Jun,315,11/22/1997,Louisiana State,C,Lloyd Cushenberry
52492,5-Jun,252,8/25/1998,Alabama,OLB,Terrell Lewis
52493,1-Jun,204,8/24/1998,Utah,FS,Julian Blackmon
52494,10-May,215,12/15/1997,Utah,RB,Zack Moss
52495,3-Jun,259,9/1/1997,Alabama,OLB,Anfernee Jennings
52496,4-Jun,315,11/23/1997,Missouri,DT,Jordan Elliott
52497,2-Jun,185,9/3/1998,Mississippi State,CB,Cameron Dantzler
52498,3-Jun,259,5/25/1997,Florida,DE,Jonathan Greenard
52499,3-Jun,260,8/14/1997,UCLA,TE,Devin Asiasi
52500,11-May,210,9/12/1997,Texas,WR,Devin Duvernay
52502,3-Jun,240,2/14/1997,Cincinnati,TE,Josiah Deguara
52505,4-Jun,233,4/1/1999,Louisiana State,MLB,Jacob Phillips
52506,3-Jun,245,3/5/1998,Ohio State,OLB,Malik Harrison
52510,4-Jun,242,8/7/1997,North Carolina-Charlotte,OLB,Alex Highsmith
52512,Jun-00,198,8/18/1997,Utah,FS,Terrell Burgess
52513,6-Jun,253,2/5/1997,Dayton,TE,Adam Trautman
52514,5-Jun,345,1/29/1997,Mississippi State,T,Tyre Phillips
52515,2-Jun,215,9/21/1997,Appalachian State,OLB,Akeem Davis-Gaither
52516,4-Jun,295,7/26/1999,Louisiana State,T,Saahdiq Charles
52517,4-Jun,330,8/19/1997,Clemson,G,John Simpson
52518,10-May,198,6/23/1998,UCLA,CB,Darnay Holmes
52520,11-May,219,11/20/1997,UCLA,RB,Joshua Kelley
52522,5-Jun,335,8/23/1998,Utah,DT,Leki Fotu
52523,5-Jun,240,4/23/1998,Florida Atlantic,TE,Harrison Bryant
52524,6-Jun,305,7/22/1998,"St. John's, Minn.",G,Ben Bartch
52525,5-Jun,260,10/31/1997,South Carolina,OLB,D.J. Wonnum
52526,5-Jun,255,4/25/1998,Missouri,TE,Albert Okwuegbunam
52527,3-Jun,219,8/28/1997,Fresno State,MLB,Mykal Walker
52529,6-Jun,320,3/18/1997,Kentucky,G,Logan Stenberg
52530,6-Jun,227,11/17/1997,Washington,QB,Jacob Eason
52534,8-Jun,315,11/20/1996,North Carolina,T,Charlie Heck
52535,11-May,208,7/25/1997,Clemson,SS,K'Von Wallace
52536,3-Jun,213,3/1/1999,Central Florida,WR,Gabe Davis
52538,4-Jun,295,1/20/1999,Baylor,DT,James Lynch
52539,2-Jun,308,NA,Louisiana State,DT,Rashard Lawrence
52540,4-Jun,225,9/18/1996,Oregon,MLB,Troy Dye
52541,7-Jun,251,1/8/1999,Stanford,TE,Colby Parkinson
52542,2-Jun,210,8/25/1997,California,FS,Jaylinn Hawkins
52543,4-Jun,321,9/18/1996,Louisiana-Lafayette,G,Kevin Dotson
52544,5-Jun,245,3/27/1997,Purdue,TE,Brycen Hopkins
52545,10-May,175,4/5/1999,Michigan State,CB,Josiah Scott
52546,1-Jun,193,1/21/1997,Louisiana Tech,CB,L'Jarius Sneed
52547,9-May,183,7/6/1998,Louisiana Tech,CB,Amik Robertson
52551,4-Jun,325,2/20/1998,Michigan,G,Ben Bredeson
52552,10-May,214,9/16/1998,Miami,RB,DeeJay Dallas
52553,5-Jun,296,4/1/1997,Auburn,T,Jack Driscoll
52554,3-Jun,320,11/20/1997,Wisconsin,C,Tyler Biadasz
52557,4-Jun,300,6/19/1996,Ball State,G,Danny Pinter
52561,7-Jun,324,8/9/1996,West Virginia,T,Colton McKivitz
52563,4-Jun,268,6/13/1997,Tulsa,OLB,Trevis Gipson
52566,1-Jun,201,NA,Virginia,CB,Bryce Hall
52569,2-Jun,205,8/25/1998,Minnesota,WR,Tyler Johnson
52570,Jun-00,220,12/6/1997,Michigan,MLB,Khaleke Hudson
52571,11-May,190,12/11/1997,Georgia Southern,CB,Kindle Vildor
52574,1-Jun,205,4/1/1998,Wisconsin,WR,Quintez Cephus
52578,3-Jun,305,12/4/1996,Texas Tech,DT,Broderick Washington
52581,11-May,172,10/29/1997,Tulane,WR,Darnell Mooney
52582,3-Jun,291,4/24/1997,North Carolina State,DT,Larrell Murchison
52584,Jun-00,200,6/10/1997,Miami,WR,K.J. Osborn
52585,2-Jun,255,NA,Michigan,DE,Michael Danna
52588,5-Jun,300,12/8/1997,Kansas,G,Hakeem Adeniji
52590,3-Jun,350,12/10/1997,Michigan,G,Michael Onwenu
52592,1-Jun,333,NA,Baylor,DT,Bravvion Roy
52594,11-May,202,9/17/1997,Notre Dame,SS,Alohi Gilman
52595,2-Jun,208,2/19/1999,Michigan,WR,Donovan Peoples-Jones
52598,5-Jun,245,10/16/1997,Georgia,TE,Charlie Woerner
52600,5-Jun,321,8/8/1997,Michigan,G,Jon Runyan
52603,5-Jun,290,11/27/1995,Wake Forest,T,Justin Herron
52607,2-Jun,205,3/4/1998,Ohio State,SS,Jordan Fuller
52608,2-Jun,190,6/9/1998,Southern Mississippi,WR,Quez Watkins
52609,Jun-00,193,9/20/1996,Southern Methodist,WR,James Proche
52611,7-Jun,307,1/23/1997,Oregon State,T,Blake Brandel
52613,Jun-00,210,1/21/1998,Michigan,SS,Josh Metellus
52614,4-Jun,250,4/2/1997,Georgia Tech,TE,Tyler Davis
52615,4-Jun,209,10/21/1998,Oregon State,WR,Isaiah Hodgins
52616,5-Jun,297,4/29/1997,Oregon,C,Jake Hanson
52618,7-Jun,310,11/22/1997,Auburn,T,Prince Tega Wanogho
52619,10-May,170,1/7/1998,Massachusetts,CB,Isaiah Rodgers
52620,4-Jun,220,8/6/1998,Washington State,WR,Dezmon Patmon
52623,1-Jun,240,3/7/1997,Purdue,MLB,Markus Bailey
52624,2-Jun,203,NA,Arkansas,SS,Kamren Curl
52625,3-Jun,214,7/10/1997,Tennessee,WR,Jauan Jennings
52627,11-May,210,4/19/1999,Iowa,SS,Geno Stone
52630,10-May,210,4/13/1999,Arizona State,RB,Eno Benjamin
52637,3-Jun,265,NA,North Carolina State,DE,James Smith-Williams
52640,2-Jun,320,8/22/1996,Nebraska,DT,Carlos Davis
52641,4-Jun,247,8/22/1996,Stanford,DE,Casey Toohill
52647,11-May,185,11/29/1996,Pittsburgh,CB,Dane Jackson
52650,4-Jun,250,7/28/1999,Miami,OLB,Jonathan Garvin
52651,Jun-00,186,4/13/1998,Marshall,CB,Chris Jackson
52658,2-Jun,315,6/24/1998,Clemson,T,Tremayne Anchrum
52659,5-Jun,242,11/28/1996,Louisiana State,TE,Stephen Sullivan
52660,2-Jun,205,9/20/1997,Florida,WR,Tyrie Cleveland
52662,5-Jun,246,NA,North Dakota State,OLB,Derrek Tuszka
52663,3-Jun,235,3/12/1997,Georgia,MLB,Tae Crowder
52665,3-Jun,290,6/9/1998,Texas,DT,Malcolm Roach
52666,5-Jun,318,8/16/1996,Oregon,T,Calvin Throckmorton
52673,4-Jun,245,11/7/1996,South Florida,TE,Mitchell Wilcox
52697,2-Jun,185,9/16/1996,Florida Atlantic,CB,James Pierre
52706,4-Jun,250,NA,Indiana State,MLB,Jonas Griffith
52708,9-May,205,9/12/1996,Baylor,RB,Jamycal Hasty
52721,4-Jun,199,1/15/1997,Ohio State,WR,Binjimen Victor
52725,3-Jun,250,9/1/1996,North Dakota State,TE,Ben Ellefson
52733,10-May,220,8/9/1998,Illinois State,RB,James Robinson
52743,1-Jun,329,11/27/1997,Mississippi,DT,Benito Jones
52759,2-Jun,305,6/16/1998,Wagner,DT,Chris Williams
52762,11-May,225,11/24/1997,Notre Dame,RB,Tony Jones
52764,10-May,190,9/12/1998,Wake Forest,CB,Essang Bassey
52766,Jun-00,195,2/19/1997,Wake Forest,WR,Kendall Hinton
52778,10-May,175,NA,Washington,WR,Andre Baccellia
52792,4-Jun,255,6/25/1998,Missouri S&amp;T,DT,Tershawn Wharton
52797,2-Jun,235,2/26/1998,Michigan State,OLB,Joe Bachie
52835,4-Jun,310,10/5/1997,Brown,DT,Michael Hoecht
52844,2-Jun,230,1/30/1997,South Dakota State,MLB,Christian Rozeboom
52846,5-Jun,275,8/17/1995,Weber State,DT,Jonah Williams
52848,2-Jun,285,3/9/1998,Rice,DE,Myles Adams
52852,11-May,211,8/5/1997,Mississippi,FS,Myles Hartsfield
52858,3-Jun,240,10/16/1996,Western Michigan,TE,Giovanni Ricci
52863,1-Jun,235,4/2/1998,UCLA,MLB,Krys Barnes
52873,5-Jun,250,1/21/1997,Southern Methodist,DE,Delontae Scott
52894,4-Jun,315,3/23/1998,Missouri,C,Trystan Colon
52904,Jun-00,205,6/12/1998,Army,CB,Elijah Riley
52907,4-Jun,246,7/6/1997,Oregon State,TE,Noah Togiai
52913,4-Jun,205,4/25/1998,Norfolk State,FS,Bobby Price
52922,11-May,196,12/29/1998,Washington,RB,Salvon Ahmed
52932,3-Jun,260,1/18/1998,North Texas,OLB,Ladarius Hamilton
52934,5-Jun,246,12/28/1997,Michigan,TE,Sean McKeon
52938,6-Jun,310,6/4/1997,Texas Tech,T,Terence Steele
52942,4-Jun,231,9/13/1996,Oregon,TE,Juwan Johnson
52945,11-May,185,7/16/1995,Arizona,CB,Jace Whittaker
52952,3-Jun,290,9/17/1996,Washington,DE,Benning Potoa'e
52971,3-Jun,255,NA,Notre Dame,OLB,Jamir Jones
52980,11-May,188,7/19/1998,Fresno State,FS,Juju Hughes
52991,8-May,180,1/2/1998,Washington,CB,Myles Bryant
53000,6-May,185,1/4/1998,Arizona,RB,J.J. Taylor
53009,4-Jun,310,1/11/1997,Rice,G,Nick Leverett
53018,1-Jun,185,6/9/1998,Oklahoma State,CB,A.J. Green
53027,5-Jun,300,3/18/1998,Florida Atlantic,G,Brandon Walton
53041,Jun-00,215,6/14/1998,South Carolina,RB,Rico Dowdle
53047,5-Jun,220,8/20/1997,Georgia,TE,Lawrence Cager
53050,3-Jun,315,NA,North Carolina at Pembroke,DT,Domenique Davis
53051,10-May,190,8/6/1998,Utah,CB,Javelin Guidry
53053,3-Jun,255,4/17/1998,Memphis,DE,Bryce Huff
53054,3-Jun,215,4/13/1998,Nebraska,CB,Lamar Jackson
53059,3-Jun,239,5/24/1998,Iowa,MLB,Kristian Welch
53063,3-Jun,270,10/28/1997,Texas State,G,Aaron Brewer
53068,Jun-00,195,8/29/1998,Berry,WR,Mason Kinsey
53073,3-Jun,290,2/28/1997,Florida International,DT,Teair Tart
53074,3-Jun,215,3/21/1997,Indiana,WR,Nick Westbrook-Ikhine
53079,1-Jun,255,8/20/1997,Toledo,FB,Reggie Gilliam
53085,4-Jun,300,6/10/1996,Yale,G,Dieter Eiselen
53098,2-Jun,204,3/27/1998,Tennessee,WR,Marquez Callaway
53117,9-May,153,NA,Texas Christian,WR,Kavontae Turpin
53244,10-May,190,NA,San Diego,WR,Michael Bandy
53315,4-Jun,245,NA,Eastern Kentucky,OLB,Aaron Patrick
53430,6-Jun,220,NA,Clemson,QB,Trevor Lawrence
53431,2-Jun,208,NA,Brigham Young,QB,Zach Wilson
53432,4-Jun,226,NA,North Dakota State,QB,Trey Lance
53433,6-Jun,250,NA,Florida,TE,Kyle Pitts
53434,1-Jun,200,NA,Louisiana State,WR,Ja'Marr Chase
53435,10-May,182,NA,Alabama,WR,Jaylen Waddle
53436,6-Jun,325,NA,Oregon,T,Penei Sewell
53437,1-Jun,200,NA,South Carolina,CB,Jaycee Horn
53438,2-Jun,203,NA,Alabama,CB,Patrick Surtain
53439,1-Jun,165,NA,Alabama,WR,DeVonta Smith
53440,3-Jun,223,NA,Ohio State,QB,Justin Fields
53441,3-Jun,245,NA,Penn State,OLB,Micah Parsons
53442,3-Jun,305,NA,Northwestern,T,Rashawn Slater
53443,4-Jun,310,NA,Southern California,G,Alijah Vera-Tucker
53444,3-Jun,214,NA,Alabama,QB,Mac Jones
53445,4-Jun,260,NA,Tulsa,OLB,Zaven Collins
53447,5-Jun,266,NA,Miami,OLB,Jaelan Phillips
53448,4-Jun,234,NA,Kentucky,OLB,Jamin Davis
53449,Jun-00,193,NA,Florida,WR,Kadarius Toney
53450,3-Jun,265,NA,Michigan,DE,Kwity Paye
53451,2-Jun,207,NA,Virginia Tech,CB,Caleb Farley
53452,5-Jun,314,NA,Virginia Tech,T,Christian Darrisaw
53453,2-Jun,230,NA,Alabama,RB,Najee Harris
53454,10-May,200,NA,Clemson,RB,Travis Etienne
53455,1-Jun,188,NA,Northwestern,CB,Greg Newsome
53456,2-Jun,210,NA,Minnesota,WR,Rashod Bateman
53457,6-Jun,270,NA,Houston,DE,Payton Turner
53458,1-Jun,190,NA,Georgia,CB,Eric Stokes
53459,7-Jun,253,NA,Miami,DE,Gregory Rousseau
53460,5-Jun,252,NA,Penn State,OLB,Odafe Oweh
53461,5-Jun,262,NA,Washington,OLB,Joe Tryon
53462,2-Jun,185,NA,Georgia,CB,Tyson Campbell
53463,9-May,184,NA,Mississippi,WR,Elijah Moore
53464,10-May,220,NA,North Carolina,RB,Javonte Williams
53465,1-Jun,196,NA,Oregon,FS,Jevon Holland
53466,6-Jun,325,NA,Alabama,G,Landon Dickerson
53467,5-Jun,310,NA,Alabama,DT,Christian Barmore
53468,6-Jun,310,NA,Oklahoma State,T,Teven Jenkins
53469,Jun-00,194,NA,Central Florida,SS,Richie Grant
53471,6-Jun,308,NA,Notre Dame,T,Liam Eichenberg
53472,2-Jun,202,NA,Texas Christian,FS,Trevon Moehrig
53473,1-Jun,195,NA,Kentucky,CB,Kelvin Joseph
53474,7-Jun,325,NA,Stanford,T,Walker Little
53476,10-May,180,NA,Florida State,CB,Asante Samuel
53477,5-Jun,330,NA,Notre Dame,G,Aaron Banks
53478,9-May,180,NA,Purdue,WR,Rondale Moore
53479,2-Jun,250,NA,Georgia,OLB,Azeez Ojulari
53480,5-Jun,295,NA,Texas,T,Samuel Cosmi
53481,1-Jun,215,NA,Notre Dame,OLB,Jeremiah Owusu-Koramoah
53482,6-Jun,299,NA,North Dakota State,T,Dillon Radunz
53483,6-Jun,280,NA,Vanderbilt,DE,Dayo Odeyingbo
53484,5-Jun,258,NA,Penn State,TE,Pat Freiermuth
53485,9-May,190,NA,Western Michigan,WR,D'Wayne Eskridge
53486,9-May,153,NA,Louisville,WR,Tutu Atwell
53487,Jun-00,232,NA,Missouri,MLB,Nick Bolton
53488,4-Jun,200,NA,Louisiana State,WR,Terrace Marshall
53489,3-Jun,242,NA,Ohio State,OLB,Pete Werner
53490,4-Jun,273,NA,Wake Forest,DE,Carlos Basham
53491,5-Jun,312,NA,Ohio State,C,Josh Myers
53492,5-Jun,316,NA,Oklahoma,C,Creed Humphrey
53494,Jun-00,203,NA,Syracuse,SS,Andre Cisco
53496,4-Jun,225,NA,Stanford,QB,Davis Mills
53498,4-Jun,253,NA,Texas,DE,Joseph Ossai
53499,6-Jun,297,NA,Brigham Young,T,Brady Christensen
53500,Jun-00,193,NA,Central Florida,CB,Aaron Robinson
53501,2-Jun,315,NA,North Carolina State,DT,Alim McNeill
53502,4-Jun,278,NA,Louisiana Tech,DT,Milton Williams
53503,3-Jun,205,NA,Minnesota,CB,Benjamin St-Juste
53504,2-Jun,280,NA,UCLA,DT,Osa Odighizuwa
53505,Jun-00,193,NA,Stanford,CB,Paulson Adebo
53506,2-Jun,210,NA,Tennessee,WR,Josh Palmer
53508,3-Jun,250,NA,Buffalo,DE,Malcolm Koonce
53509,3-Jun,223,NA,Virginia Tech,OLB,Divine Deablo
53510,5-Jun,253,NA,Boston College,TE,Hunter Long
53511,1-Jun,185,NA,North Carolina,WR,Dyami Brown
53512,4-Jun,248,NA,Notre Dame,TE,Tommy Tremble
53513,5-Jun,270,NA,Iowa,DE,Chauncey Golston
53514,10-May,215,NA,Clemson,WR,Amari Rodgers
53515,4-Jun,310,NA,Ohio State,G,Wyatt Davis
53517,1-Jun,215,NA,Ohio State,RB,Trey Sermon
53518,4-Jun,222,NA,Michigan,WR,Nico Collins
53519,5-Jun,260,NA,Pittsburgh,OLB,Patrick Jones
53520,Jun-00,179,NA,Auburn,WR,Anthony Schwartz
53521,1-Jun,233,NA,Georgia,MLB,Monty Rice
53522,9-Jun,321,NA,Northern Iowa,T,Spencer Brown
53524,5-Jun,295,NA,Notre Dame,C,Robert Hainsey
53526,5-Jun,245,NA,Georgia,TE,Tre' McKitty
53527,3-Jun,320,NA,Wisconsin-Whitewater,G,Quinn Meinerz
53530,3-Jun,213,NA,Syracuse,CB,Ifeatu Melifonwu
53531,Jun-00,182,NA,Michigan,CB,Ambry Thomas
53532,2-Jun,230,NA,South Carolina,MLB,Ernest Jones
53533,Jun-00,206,NA,Southern Methodist,FS,Brandon Stephens
53534,3-Jun,240,NA,Ohio State,MLB,Baron Browning
53535,3-Jun,305,NA,Southern California,DT,Jay Tufele
53536,10-May,200,NA,North Carolina,RB,Michael Carter
53537,Jun-00,190,NA,San Diego State,CB,Darren Hall
53538,2-Jun,202,NA,Louisville,WR,Dez Fitzpatrick
53539,5-Jun,310,NA,Cincinnati,T,James Hudson
53540,3-Jun,280,NA,Tulane,DE,Cam Sample
53541,1-Jun,195,NA,Southern California,WR,Amon-Ra St. Brown
53542,1-Jun,245,NA,Purdue,MLB,Derrick Barnes
53543,3-Jun,300,NA,Stanford,C,Drew Dalman
53545,7-Jun,255,NA,Northern Iowa,OLB,Elerson Smith
53547,4-Jun,235,NA,Duke,OLB,Chris Rumph
53549,Jun-00,246,NA,Oklahoma,RB,Rhamondre Stevenson
53551,3-Jun,346,NA,Louisiana State,DT,Tyler Shelvin
53552,11-May,195,NA,Texas Tech,CB,Zech McPhearson
53553,6-Jun,256,NA,Boise State,TE,John Bates
53554,1-Jun,195,NA,California,FS,Camryn Bynum
53555,1-Jun,207,NA,Oklahoma State,RB,Chuba Hubbard
53556,3-Jun,235,NA,Southern Methodist,TE,Kylen Granson
53557,5-Jun,315,NA,Texas A&amp;M,T,Dan Moore
53558,9-May,174,NA,North Texas,WR,Jaelon Darden
53559,2-Jun,195,NA,Central Arkansas,CB,Robert Rochell
53560,Jun-00,190,NA,Oklahoma State,WR,Tylan Wallace
53561,2-Jun,300,NA,Ohio State,DT,Tommy Togiai
53564,5-Jun,270,NA,Pittsburgh,OLB,Rashad Weaver
53565,11-May,191,NA,Florida,CB,Marco Wilson
53568,4-Jun,274,NA,East Carolina,G,D'Ante Smith
53570,5-Jun,211,NA,Central Florida,WR,Jacob Harris
53571,5-Jun,305,NA,Mississippi,T,Royce Newman
53574,6-Jun,258,NA,Ohio State,TE,Luke Farrell
53575,1-Jun,220,NA,Auburn,MLB,Jamien Sherwood
53576,3-Jun,245,NA,Miami,TE,Brevin Jordan
53577,4-Jun,285,NA,Texas,DE,Ta'Quon Graham
53579,11-May,191,NA,Memphis,RB,Kenneth Gainwell
53580,6-Jun,332,NA,Missouri,T,Larry Borom
53581,1-Jun,205,NA,Texas,FS,Caden Sterns
53582,1-Jun,217,NA,West Virginia,OLB,Tony Fields
53583,10-May,190,NA,Duke,CB,Michael Carter
53584,5-Jun,315,NA,Western Michigan,T,Jaylon Moore
53585,7-Jun,293,NA,Wisconsin,DE,Isaiahh Loudermilk
53586,1-Jun,179,NA,Iowa,WR,Ihmir Smith-Marsette
53587,3-Jun,305,NA,Iowa,DT,Daviyon Nixon
53588,6-Jun,300,NA,Nebraska,G,Brenden Jaimes
53589,1-Jun,195,NA,Ohio State,CB,Shaun Wade
53590,8-Jun,315,NA,"Miami, O.",T,Tommy Doyle
53591,4-Jun,240,NA,Duke,TE,Noah Gray
53592,Jun-00,200,NA,Cincinnati,SS,Darrick Forrest
53595,3-Jun,195,NA,Washington,CB,Keith Taylor
53596,Jun-00,195,NA,Illinois,CB,Nate Hobbs
53599,2-Jun,230,NA,Texas Christian,OLB,Garret Wallow
53601,11-May,202,NA,Oregon,CB,Deommodore Lenoir
53602,5-Jun,340,NA,Florida,DT,Tedarrell Slaton
53604,1-Jun,205,NA,Pittsburgh,FS,Jason Pinnock
53607,11-May,190,NA,Appalachian State,CB,Shemar Jean-Charles
53608,4-Jun,227,NA,Stanford,WR,Simi Fehoko
53609,1-Jun,215,NA,Southern California,SS,Talanoa Hufanga
53611,4-Jun,268,NA,Notre Dame,OLB,Adetokunbo Ogundeji
53612,9-May,195,NA,Boise State,RB,Avery Williams
53615,4-Jun,215,NA,Florida State,MLB,Hamsah Nasirildeen
53616,1-Jun,200,NA,Arizona State,WR,Frank Darby
53617,11-May,198,NA,Missouri,FS,Joshuah Bledsoe
53618,3-Jun,305,NA,Southern California,DT,Marlon Tuipulotu
53619,3-Jun,330,NA,Georgia,C,Trey Hill
53620,2-Jun,260,NA,Coastal Carolina,DE,Tarron Jackson
53621,5-Jun,355,NA,Kentucky,DT,Quinton Bohanna
53623,11-May,221,NA,Louisiana-Lafayette,RB,Elijah Mitchell
53624,2-Jun,318,NA,Arizona,DT,Roy Lopez
53625,1-Jun,218,NA,Arizona,RB,Gary Brightwell
53629,11-May,178,NA,Kentucky,CB,Brandin Echols
53631,11-May,216,NA,Michigan,RB,Chris Evans
53633,10-May,190,NA,South Carolina,WR,Shi Smith
53635,7-Jun,305,NA,Kentucky,T,Landon Young
53638,2-Jun,220,NA,Georgia Tech,WR,Jalen Camp
53639,3-Jun,265,NA,Duke,OLB,Victor Dimukeje
53640,9-May,185,NA,UCLA,RB,Demetric Felton
53641,1-Jun,195,NA,Pittsburgh,SS,Damar Hamlin
53642,11-May,197,NA,Wisconsin,CB,Rachad Wildgoose
53643,5-Jun,312,NA,Wisconsin,G,Cole Van Lanen
53645,3-Jun,232,NA,Miami,OLB,Quincy Roche
53646,9-May,212,NA,Virginia Tech,RB,Khalil Herbert
53647,3-Jun,235,NA,Texas,QB,Sam Ehlinger
53649,1-Jun,224,NA,Boston College,MLB,Isaiah McDuffie
53655,6-Jun,325,NA,Tennessee,G,Trey Smith
53656,4-Jun,205,NA,South Carolina,SS,Israel Mukuamu
53658,5-Jun,205,NA,"Charleston, W. Va.",WR,Mike Strachan
53661,5-Jun,280,NA,Kentucky,DT,Phil Hoskins
53662,10-May,205,NA,Maryland,RB,Jake Funk
53663,2-Jun,251,NA,Tulane,MLB,Patrick Johnson
53665,5-Jun,315,NA,Texas Tech,G,Jack Anderson
53667,6-Jun,330,NA,Nebraska,G,Matt Farniok
53668,4-Jun,257,NA,Ohio State,OLB,Jonathon Cooper
53669,4-Jun,248,NA,Baylor,DE,William Bradley-King
53674,Jun-00,180,NA,Oklahoma,FS,Tre Norwood
53675,3-Jun,252,NA,Penn State,DE,Shaka Toney
53677,6-Jun,306,NA,Penn State,G,Will Fries
53678,3-Jun,220,NA,Notre Dame,WR,Ben Skowronek
53679,4-Jun,340,NA,Brigham Young,DT,Khyiris Tonga
53685,11-May,215,NA,Mississippi State,RB,Kylin Hill
53687,1-Jun,190,NA,Brigham Young,WR,Dax Milne
53703,Jun-00,220,NA,Duke,RB,Deon Jackson
53707,1-Jun,202,NA,Southern Mississippi,WR,Tim Jones
53712,2-Jun,282,NA,Rutgers,DT,Michael Dwumfour
53715,4-Jun,240,NA,Mississippi,TE,Kenny Yeboah
53716,2-Jun,225,NA,Illinois,OLB,Milo Eifler
53727,9-Jun,310,NA,Duke,T,Devery Hamilton
53732,9-May,205,NA,Pittsburgh,WR,D.J. Turner
53739,5-Jun,215,NA,Minn. State-Mankato,TE,Shane Zylstra
53746,Jun-00,220,NA,Alabama-Birmingham,RB,Spencer Brown
53819,8-May,178,NA,Texas Christian,FS,Ar'Darius Washington
53854,1-Jun,190,NA,Notre Dame,CB,Nick McCloud
53855,4-Jun,251,NA,Bowling Green,TE,Quintin Morris
53861,5-Jun,330,NA,Middle Tennessee,G,Robert Jones
53868,6-Jun,315,NA,Iowa,T,Alaric Jackson
53883,10-May,195,NA,Nebraska,CB,Dicaprio Bootle
53887,3-Jun,277,NA,Georgia,DE,Malik Herring
53894,5-Jun,311,NA,Florida State,DT,Marvin Wilson
53896,Jun-00,244,NA,Louisiana State,FB,Tory Carter
53897,5-Jun,244,NA,Alabama,TE,Miller Forristall
53900,4-Jun,340,NA,Michigan State,DT,Naquan Jones
53932,Jun-00,245,NA,South Carolina,FB,Adam Prentice
53941,5-Jun,315,NA,Buffalo,T,Kayode Awosika
53946,4-Jun,260,NA,Nebraska,TE,Jack Stoll
53953,11-May,198,NA,Arkansas,CB,Jerry Jacobs
53957,11-May,178,NA,Kansas State,CB,A.J. Parker
53959,4-Jun,255,NA,Notre Dame,TE,Brock Wright
54003,11-May,190,NA,Tennessee,CB,Bryce Thompson
54006,6-Jun,330,NA,California,T,Jake Curhan
54038,6-Jun,245,NA,Arkansas,TE,Feleipe Franks
54042,10-May,229,NA,Ball State,RB,Caleb Huntley
54044,4-Jun,260,NA,Mississippi State,OLB,Kobe Jones
54428,11-May,180,NA,Florida International,WR,Maurice Alexander
54466,5-Jun,275,NA,Georgia,OLB,Travon Walker
54467,6-Jun,265,NA,Michigan,DE,Aidan Hutchinson
54468,1-Jun,195,NA,Louisiana State,CB,Derek Stingley
54469,3-Jun,200,NA,Cincinnati,CB,Ahmad Gardner
54470,5-Jun,250,NA,Oregon,OLB,Kayvon Thibodeaux
54471,4-Jun,320,NA,North Carolina State,T,Ikem Ekwonu
54472,7-Jun,360,NA,Alabama,T,Evan Neal
54473,5-Jun,210,NA,Southern California,WR,Drake London
54474,5-Jun,310,NA,Mississippi State,T,Charles Cross
54475,Jun-00,192,NA,Ohio State,WR,Garrett Wilson
54476,1-Jun,185,NA,Ohio State,WR,Chris Olave
54478,6-Jun,340,NA,Georgia,DT,Jordan Davis
54479,4-Jun,220,NA,Notre Dame,FS,Kyle Hamilton
54480,4-Jun,325,NA,Texas A&amp;M,G,Kenyon Green
54481,11-May,182,NA,Penn State,WR,Jahan Dotson
54482,3-Jun,305,NA,Boston College,G,Zion Johnson
54483,3-Jun,225,NA,Arkansas,WR,Treylon Burks
54485,3-Jun,220,NA,Pittsburgh,QB,Kenny Pickett
54486,11-May,195,NA,Washington,CB,Trent McDuffie
54487,4-Jun,240,NA,Georgia,MLB,Quay Walker
54488,2-Jun,196,NA,Florida,CB,Kaiir Elam
54489,6-Jun,332,NA,Tulsa,T,Tyler Smith
54490,3-Jun,290,NA,Iowa,C,Tyler Linderbaum
54491,4-Jun,260,NA,Florida State,DE,Jermaine Johnson
54492,3-Jun,235,NA,Utah,MLB,Devin Lloyd
54493,3-Jun,315,NA,Georgia,DT,Devonte Wyatt
54494,6-Jun,301,NA,Chattanooga,G,Cole Strange
54495,4-Jun,275,NA,Purdue,DE,George Karlaftis
54496,Jun-00,192,NA,Michigan,FS,Dax Hill
54497,1-Jun,200,NA,Georgia,FS,Lewis Cine
54498,6-Jun,275,NA,Houston,DE,Logan Hall
54499,5-Jun,208,NA,North Dakota State,WR,Christian Watson
54500,Jun-00,188,NA,Auburn,CB,Roger McCreary
54501,1-Jun,220,NA,Iowa State,RB,Breece Hall
54502,Jun-00,200,NA,Baylor,FS,Jalen Pitre
54503,3-Jun,256,NA,Penn State,OLB,Arnold Ebiketie
54504,Jun-00,195,NA,Washington,CB,Kyler Gordon
54505,4-Jun,265,NA,Minnesota,OLB,Boye Mafe
54506,10-May,210,NA,Michigan State,RB,Kenneth Walker
54508,11-May,185,NA,Kentucky,WR,Wan'Dale Robinson
54511,3-Jun,278,NA,Kentucky,DT,Josh Paschal
54512,4-Jun,312,NA,Alabama,DT,Phidarian Mathis
54513,1-Jun,202,NA,Penn State,SS,Jaquan Brisker
54514,Jun-00,195,NA,Tennessee,CB,Alontae Taylor
54515,3-Jun,180,NA,Baylor,WR,Tyquan Thornton
54516,3-Jun,290,NA,Nebraska,C,Cam Jurgens
54517,3-Jun,200,NA,Georgia,WR,George Pickens
54518,3-Jun,213,NA,Cincinnati,WR,Alec Pierce
54519,10-May,195,NA,Western Michigan,WR,Skyy Moore
54520,3-Jun,245,NA,Colorado State,TE,Trey McBride
54521,4-Jun,265,NA,Mississippi,DE,Sam Williams
54522,5-Jun,310,NA,Central Michigan,G,Luke Goedeke
54523,3-Jun,230,NA,Montana State,MLB,Troy Andersen
54524,4-Jun,295,NA,Louisiana State,G,Ed Ingram
54525,Jun-00,205,NA,Nebraska,CB,Cam Taylor-Britt
54526,4-Jun,250,NA,Southern California,DE,Drake Jackson
54527,1-Jun,210,NA,Cincinnati,SS,Bryan Cook
54528,11-May,190,NA,Georgia,RB,James Cook
54529,3-Jun,238,NA,Oklahoma,OLB,Nik Bonitto
54530,6-Jun,300,NA,Kentucky,C,Luke Fortner
54531,1-Jun,230,NA,Oklahoma,MLB,Brian Asamoah
54532,4-Jun,325,NA,North Carolina,G,Joshua Ezeudu
54533,2-Jun,200,NA,Mississippi State,CB,Martin Emerson
54534,5-Jun,310,NA,Ohio State,T,Nicholas Petit-Frere
54535,3-Jun,242,NA,Wyoming,MLB,Chad Muma
54536,Jun-00,200,NA,Tennessee,WR,Velus Jones
54537,7-Jun,319,NA,Washington State,T,Abraham Lucas
54538,7-Jun,265,NA,Virginia,TE,Jelani Woods
54540,2-Jun,232,NA,Alabama,MLB,Christian Harris
54541,4-Jun,336,NA,Connecticut,DT,Travis Jones
54542,7-Jun,305,NA,Central Michigan,T,Bernhard Raimann
54543,7-Jun,270,NA,Alabama-Birmingham,DE,Alex Wright
54545,4-Jun,250,NA,UCLA,TE,Greg Dulcich
54546,2-Jun,170,NA,Louisiana State,CB,Cordale Flott
54547,4-Jun,240,NA,Western Kentucky,OLB,DeAngelo Malone
54548,Jun-00,225,NA,Georgia,MLB,Nakobe Dean
54549,4-Jun,290,NA,Texas A&amp;M,DE,DeMarvin Leal
54550,8-May,185,NA,Houston,CB,Marcus Jones
54551,1-Jun,215,NA,Liberty,QB,Malik Willis
54552,5-Jun,270,NA,San Diego State,OLB,Cameron Thomas
54553,3-Jun,195,NA,South Alabama,WR,Jalen Tolbert
54554,1-Jun,222,NA,Baylor,OLB,Terrel Bernard
54555,3-Jun,285,NA,Memphis,G,Dylan Parham
54556,2-Jun,210,NA,Arizona State,RB,Rachaad White
54558,1-Jun,223,NA,Louisiana State,RB,Tyrion Davis-Price
54560,4-Jun,290,NA,Florida,DT,Zach Carter
54561,1-Jun,215,NA,Maryland,SS,Nick Cross
54562,1-Jun,200,NA,Illinois,SS,Kerby Joseph
54563,1-Jun,228,NA,Alabama,RB,Brian Robinson
54564,2-Jun,205,NA,Purdue,WR,David Bell
54565,5-Jun,240,NA,Cincinnati,OLB,Myjai Sanders
54566,5-Jun,250,NA,Ohio State,TE,Jeremy Ruckert
54567,2-Jun,230,NA,Georgia,MLB,Channing Tindall
54568,2-Jun,261,NA,Wisconsin,OLB,Leo Chenal
54570,2-Jun,199,NA,Southern Methodist,WR,Danny Gray
54571,5-Jun,250,NA,Washington,TE,Cade Otton
54572,10-May,215,NA,Florida,RB,Dameon Pierce
54573,3-Jun,290,NA,Oklahoma,DT,Perrion Winfrey
54574,1-Jun,198,NA,Cincinnati,CB,Coby Bryant
54575,9-Jun,380,NA,Minnesota,T,Daniel Faalele
54576,6-Jun,299,NA,Louisiana-Lafayette,T,Max Mitchell
54577,6-Jun,255,NA,San Diego State,TE,Daniel Bellinger
54578,Jun-00,191,NA,Louisiana-Lafayette,FS,Percy Butler
54579,1-Jun,205,NA,Iowa,FS,Dane Belton
54580,11-May,195,NA,Pittsburgh,CB,Damarri Mathis
54581,5-Jun,285,NA,Iowa State,DE,Eyioma Uwazurike
54582,5-Jun,270,NA,Texas A&amp;M,DE,Micheal Clemons
54583,2-Jun,193,NA,Missouri,CB,Akayleb Evans
54584,1-Jun,192,NA,Alabama,CB,Jalyn Armour-Davis
54585,3-Jun,241,NA,Penn State,MLB,Brandon Smith
54586,11-May,170,NA,Arizona State,CB,Jack Jones
54587,Jun-00,215,NA,Georgia,RB,Zamir White
54588,1-Jun,215,NA,Texas A&amp;M,RB,Isaiah Spiller
54591,4-Jun,325,NA,Louisiana State,DT,Neil Farrell
54592,11-May,205,NA,South Dakota State,RB,Pierre Strong
54594,5-Jun,250,NA,Wisconsin,TE,Jake Ferguson
54596,1-Jun,220,NA,Michigan,RB,Hassan Haskins
54597,2-Jun,200,NA,Nevada,WR,Romeo Doubs
54599,5-Jun,295,NA,Texas-San Antonio,G,Spencer Burford
54600,3-Jun,197,NA,Fayetteville State,CB,Joshua Williams
54601,7-Jun,310,NA,North Dakota State,G,Cordell Volson
54602,1-Jun,220,NA,Western Kentucky,QB,Bailey Zappe
54604,4-Jun,240,NA,Coastal Carolina,TE,Isaiah Likely
54605,5-Jun,295,NA,Wake Forest,T,Zach Tom
54606,9-May,180,NA,Houston,CB,Damarion Williams
54607,11-May,175,NA,South Carolina State,CB,Cobie Durant
54608,3-Jun,250,NA,Maryland,TE,Chigoziem Okonkwo
54611,2-Jun,232,NA,Indiana,MLB,Micah McFadden
54612,5-Jun,325,NA,Arizona State,DT,D.J. Davidson
54613,Jun-00,190,NA,Boise State,WR,Khalil Shakir
54614,6-Jun,240,NA,Nevada,TE,Cole Turner
54615,4-Jun,310,NA,Stanford,DT,Thomas Booker
54616,11-May,220,NA,Brigham Young,RB,Tyler Allgeier
54618,4-Jun,205,NA,Texas-San Antonio,CB,Tariq Woolen
54619,10-May,220,NA,Mississippi,RB,Snoop Conner
54622,4-Jun,200,NA,Sam Houston State,CB,Zyon McCollum
54624,5-Jun,298,NA,Missouri State,DT,Eric Johnson
54625,4-Jun,320,NA,UCLA,DT,Otito Ogbonnia
54627,10-May,170,NA,Samford,WR,Montrell Washington
54628,11-May,191,NA,UCLA,WR,Kyle Philips
54632,11-May,206,NA,Fresno State,CB,Daron Bland
54633,7-Jun,310,NA,Southern Utah,T,Braxton Jones
54635,6-Jun,259,NA,Oregon State,TE,Teagan Quitoriano
54636,5-Jun,300,NA,Washington,C,Luke Wattenberg
54637,10-May,187,NA,Toledo,CB,Samuel Womack
54639,4-Jun,256,NA,"Miami, O.",DE,Dominique Robinson
54640,3-Jun,290,NA,Tennessee,DT,Matthew Butler
54641,3-Jun,239,NA,Louisiana State,MLB,Damone Clark
54642,3-Jun,255,NA,Virginia Tech,TE,James Mitchell
54643,6-Jun,320,NA,Arkansas,DT,John Ridgeway
54644,4-Jun,270,NA,South Carolina,OLB,Kingsley Enagbare
54646,1-Jun,235,NA,Kansas,OLB,Kyron Johnson
54648,10-May,220,NA,South Carolina,RB,Kevin Harris
54650,1-Jun,205,NA,Villanova,CB,Christian Benford
54653,11-May,225,NA,Oklahoma State,MLB,Malcolm Rodriguez
54654,6-Jun,245,NA,Virginia Tech,OLB,Amare Barno
54656,Jun-00,191,NA,Michigan State,WR,Jalen Nailor
54660,4-Jun,325,NA,Georgia,G,Jamaree Salyer
54663,4-Jun,221,NA,Southern Methodist,TE,Grant Calcaterra
54665,5-Jun,292,NA,Northwest Missouri State,DT,Sam Roberts
54666,Jun-00,215,NA,Southern California,RB,Keaontay Ingram
54667,1-Jun,196,NA,Oklahoma,WR,Mike Woods
54668,10-May,205,NA,Baylor,RB,Trestan Ebner
54671,3-Jun,291,NA,Wisconsin,DE,Matt Henningsen
54673,Jun-00,230,NA,Michigan State,TE,Connor Heyward
54677,Jun-00,190,NA,Georgia,CB,Derion Kendrick
54680,3-Jun,315,NA,Virginia Tech,C,Lecitus Smith
54683,5-Jun,265,NA,Minnesota,TE,Ko Kieft
54686,1-Jun,195,NA,Penn State,CB,Tariq Castro-Fields
54687,Jun-00,190,NA,Arkansas,CB,Montaric Brown
54688,5-Jun,272,NA,Oklahoma,DE,Isaiah Thomas
54696,2-Jun,235,NA,Clemson,OLB,Baylon Spector
54698,3-Jun,210,NA,Lenoir-Rhyne,WR,Dareke Young
54702,Jun-00,176,NA,Arizona State,CB,Chase Lucas
54703,6-Jun,315,NA,Ohio State,T,Thayer Munford
54704,1-Jun,201,NA,Yale,FS,Rodney Thomas
54705,Jun-00,201,NA,Oklahoma State,CB,Christian Holmes
54708,3-Jun,204,NA,Washington State,CB,Jaylen Watson
54709,4-Jun,200,NA,Valdosta State,CB,Christian Matthew
54712,2-Jun,221,NA,Kansas State,QB,Skylar Thompson
54716,11-May,215,NA,Rutgers,RB,Isiah Pacheco
54717,4-Jun,260,NA,Coastal Carolina,DE,Jeff Gunter
54718,10-May,195,NA,Kansas State,FS,Russ Yeast
54721,3-Jun,242,NA,Penn State,OLB,Jesse Luketa
54723,3-Jun,190,NA,Nebraska,WR,Samori Toure
54725,3-Jun,230,NA,Purdue,RB,Zander Horvath
54727,1-Jun,212,NA,Iowa State,QB,Brock Purdy
54733,3-Jun,325,NA,Michigan,DT,Donovan Jeter
54750,2-Jun,275,NA,Florida State,OLB,Keir Thomas
54758,4-Jun,250,NA,Norfolk State,OLB,De'Shaan Dixon
54778,11-May,183,NA,Mississippi,CB,Jaylon Jones
54781,2-Jun,232,NA,Wisconsin,MLB,Jack Sanborn
54784,5-Jun,240,NA,California,TE,Jake Tonges
54810,8-May,170,NA,Utah,WR,Britain Covey
54827,3-Jun,250,NA,Framingham State,DE,Joshua Onujiogu
54833,Jun-00,205,NA,Illinois,FS,Tony Adams
54846,5-Jun,227,NA,Ohio,TE,Armani Rogers
54850,10-May,200,NA,Georgia Tech,WR,Kyric Mcgowan
54871,3-Jun,265,NA,Purdue,DE,DaMarcus Mitchell
54905,8-May,225,NA,Oklahoma State,RB,Jaylen Warren
54915,1-Jun,200,NA,West Florida,FS,D'Anthony Bell
54931,2-Jun,223,NA,Idaho State,WR,Tanner Conner
54936,9-May,187,NA,Texas A&amp;M-Commerce,CB,Kader Kohou
54937,11-May,194,NA,Oregon,SS,Verone McKinley
54938,Jun-00,185,NA,Mississippi,WR,Braylon Sanders
54939,4-Jun,293,NA,Nebraska,DT,Ben Stille
54948,3-Jun,379,NA,Kentucky,DT,Marquan McCall
54949,3-Jun,230,NA,Fresno State,OLB,Arron Mosby
55000,1-Jun,195,NA,Vanderbilt,CB,Allan George
55014,9-May,194,NA,Virginia Tech,RB,Raheem Blackshear
55016,4-Jun,260,NA,Syracuse,DE,Kingsley Jonathan
55030,1-Jun,295,NA,Appalachian State,DT,Demetrius Taylor
55032,3-Jun,260,NA,North Carolina,OLB,Tomon Fox
55042,11-May,245,NA,Central Michigan,FB,Troy Hairston
55043,1-Jun,230,NA,Illinois,OLB,Jake Hansen
55045,1-Jun,296,NA,Notre Dame,DT,Kurt Hinish
55071,10-May,180,NA,Texas Tech,WR,Kaylon Geiger
55087,4-Jun,252,NA,Wake Forest,OLB,Luiji Vilain
55104,2-Jun,195,NA,Missouri Western,CB,Sam Webb
55105,1-Jun,220,NA,Wake Forest,OLB,Luke Masterson
55113,1-Jun,218,NA,Georgia Tech,RB,Jordan Mason
55125,6-Jun,311,NA,Montana State,G,Lewis Kidd
55133,Jun-00,180,NA,Weber State,WR,Rashid Shaheed
55145,8-May,190,NA,Fresno State,RB,Ronnie Rivers
55149,3-Jun,205,NA,Florida A&amp;M,FS,Markquese Bell
55151,10-May,207,NA,Florida,RB,Malik Davis
55157,4-Jun,245,NA,Indiana,TE,Peyton Hendershot
55158,2-Jun,205,NA,Western Illinois,WR,Dennis Houston
55168,1-Jun,195,NA,Ferris State,WR,Jared Bernhardt
55173,5-Jun,321,NA,Kansas State,DT,Timmy Horne
55175,3-Jun,230,NA,Colorado,MLB,Nate Landman
55181,11-May,190,NA,Rutgers,CB,Tre Avery
55190,1-Jun,285,NA,Maryland,DE,Sam Okuayinonu
55200,6-Jun,266,NA,Indiana,DT,Ryder Anderson
55212,Jun-00,230,NA,Iowa State,MLB,Jake Hummel
55239,2-Jun,300,NA,Pennsylvania,DT,Prince Emili
55240,1-Jun,185,NA,Buffalo,CB,Ja'Marcus Ingram
55241,2-Jun,280,NA,Coastal Carolina,DT,C.J. Brewer
